url,in_sitemap,status,redirect_chain,depth,inbound_links,orphan,title,title_len,meta_description,desc_len,canonical,canonical_matches,robots_meta,x_robots_tag,h1_count,h1_text,word_count,jsonld_types,og_description_len,first_25_words
"https://www.form5472prep.com/","true","200","","0","513","false","File IRS Form 5472 + Pro Forma 1120 — Form5472 Prep","51","Form 5472 and pro forma 1120 filing for a foreign-owned US LLC, from $149. Prepared, reviewed, and filed by fax to the IRS Ogden PIN Unit.","138","https://www.form5472prep.com","false","index, follow","","1","Flat-rate Form 5472 filing. No hidden fees.","2454","Organization;WebSite;Service;FAQPage;BreadcrumbList;HowTo;WebPage","138","Done-for-you Form 5472 + pro forma 1120 for foreign-owned US LLCs. Avoid the $25,000-per-form IRS penalty — with fax delivery to the IRS Ogden PIN"
"https://www.form5472prep.com/1120-pro-forma-instructions","true","200","","2","4","false","1120 Pro Forma Instructions for Foreign-Owned LLCs","50","1120 pro forma instructions show foreign-owned US LLCs what to complete, what to leave blank, how to sign, and how to assemble the Form 5472 filing package.","156","https://www.form5472prep.com/1120-pro-forma-instructions","true","index, follow","","1","1120 Pro Forma Instructions (Foreign-Owned LLCs)","2506","Article;FAQPage;BreadcrumbList","156","Form 5472 + 1120 filing service"
"https://www.form5472prep.com/about","true","200","","1","512","false","About Form5472 Prep · Form5472 Prep","35","About Form5472 Prep: done-for-you filing and courier service for a foreign-owned single-member LLC's Form 5472 + pro forma 1120.","128","https://www.form5472prep.com/about","true","index, follow","","1","One filing, done properly.","494","AboutPage","128","Form5472 Prep prepares and files the IRS Form 5472 and pro forma Form 1120 package for supported foreign-owned U.S. single-member disregarded LLCs with reportable transactions."
"https://www.form5472prep.com/blog","true","200","","1","512","false","Blog · Form5472 Prep","20","Practical guides for foreign-owned US LLC owners filing Form 5472, pro forma Form 1120, EINs, ITINs, penalties, deadlines, and catch-up returns.","144","https://www.form5472prep.com/blog","true","index, follow","","1","US tax guidance for international LLC owners.","7505","CollectionPage;BreadcrumbList","144","Practical, carefully researched explainers for foreign-owned US LLCs—covering Form 5472, pro forma Form 1120, deadlines, and the edge cases that matter."
"https://www.form5472prep.com/blog/amazon-fba-foreign-sellers-form-5472","true","200","","2","9","false","Form 5472 for Amazon FBA Foreign Sellers (2026) · Form5472 Prep","63","Form 5472 for Amazon FBA foreign sellers explains which owner transactions to report, how inventory activity differs, and what the 2026 filing requires.","152","https://www.form5472prep.com/blog/amazon-fba-foreign-sellers-form-5472","true","index, follow","","1","Form 5472 for Amazon FBA Foreign Sellers (2026)","2434","BlogPosting;Organization;BreadcrumbList;FAQPage","152","Form 5472 for Amazon FBA foreign sellers explains which owner transactions to report, how inventory activity differs, and what the 2026 filing requires."
"https://www.form5472prep.com/blog/amended-form-5472-correcting-errors","true","200","","2","9","false","How to Correct a Mistake on a Filed Form 5472 · Form5472 Prep","61","Found an error after filing Form 5472? Review corrected-package considerations, amendment labelling, supporting records and the limits of current instructions.","159","https://www.form5472prep.com/blog/amended-form-5472-correcting-errors","true","index, follow","","1","How to Correct a Mistake on a Filed Form 5472","2461","BlogPosting;Organization;BreadcrumbList;FAQPage;HowTo","159","Found an error after filing Form 5472? Review corrected-package considerations, amendment labelling, supporting records and the limits of current instructions."
"https://www.form5472prep.com/blog/bangkok-digital-nomad-llc-transfer-remittance-records","true","200","","2","6","false","Bangkok Digital Nomads: Trace LLC Transfers Before Thai Remittances · Form5472 Prep","83","Separate U.S. LLC owner distributions from later transfers into Thailand with a three-stage ledger for Bangkok digital nomads preparing Form 5472.","146","https://www.form5472prep.com/blog/bangkok-digital-nomad-llc-transfer-remittance-records","true","index, follow","","1","Bangkok Digital Nomads: Trace LLC Transfers Before Thai Remittances","941","BlogPosting;Organization;BreadcrumbList;FAQPage","146","Separate U.S. LLC owner distributions from later transfers into Thailand with a three-stage ledger for Bangkok digital nomads preparing Form 5472."
"https://www.form5472prep.com/blog/barcelona-digital-nomad-visa-us-llc-tax-election","true","200","","2","6","false","Barcelona Digital Nomads With a U.S. LLC: Visa vs Tax Election · Form5472 Prep","78","Moving to Barcelona with a U.S. LLC? Separate immigration approval, Spain's special tax-regime review, and your LLC's Form 5472 filing obligations.","147","https://www.form5472prep.com/blog/barcelona-digital-nomad-visa-us-llc-tax-election","true","index, follow","","1","Barcelona Digital Nomads With a U.S. LLC: Visa vs Tax Election","948","BlogPosting;Organization;BreadcrumbList;FAQPage","147","Moving to Barcelona with a U.S. LLC? Separate immigration approval, Spain's special tax-regime review, and your LLC's Form 5472 filing obligations."
"https://www.form5472prep.com/blog/boi-reporting-foreign-owned-us-llc-2026","true","200","","2","4","false","BOI Reporting for a Foreign-Owned US LLC in 2026 · Form5472 Prep","64","FinCEN's August 2026 final rule exempts US-formed LLCs from BOI reporting, even if wholly foreign-owned. What still applies, and how to spot scam letters.","154","https://www.form5472prep.com/blog/boi-reporting-foreign-owned-us-llc-2026","true","index, follow","","1","BOI Reporting for a Foreign-Owned US LLC in 2026","1932","BlogPosting;Organization;BreadcrumbList;FAQPage;HowTo","154","FinCEN's August 2026 final rule exempts US-formed LLCs from BOI reporting, even if wholly foreign-owned. What still applies, and how to spot scam letters."
"https://www.form5472prep.com/blog/buenos-aires-digital-nomad-llc-usd-ars-reconciliation","true","200","","2","6","false","Buenos Aires Digital Nomads: Reconcile USD and ARS LLC Records · Form5472 Prep","78","A worked reconciliation for digital nomads in Buenos Aires: separate customer receipts, fees, owner transfers, and peso spending in your U.S. LLC records.","154","https://www.form5472prep.com/blog/buenos-aires-digital-nomad-llc-usd-ars-reconciliation","true","index, follow","","1","Buenos Aires Digital Nomads: Reconcile USD and ARS LLC Records","957","BlogPosting;Organization;BreadcrumbList;FAQPage","154","A worked reconciliation for digital nomads in Buenos Aires: separate customer receipts, fees, owner transfers, and peso spending in your U.S. LLC records."
"https://www.form5472prep.com/blog/california-llc-foreign-owner-tax-filing","true","200","","2","6","false","California LLC Filing Checklist for Foreign Owners · Form5472 Prep","66","A foreign-owned California LLC may owe the $800 annual tax, file Form 568, and file federal Form 5472 with a pro forma 1120.","124","https://www.form5472prep.com/blog/california-llc-foreign-owner-tax-filing","true","index, follow","","1","California LLC Filing Checklist for Foreign Owners","2392","BlogPosting;Organization;BreadcrumbList;FAQPage;HowTo","124","A foreign-owned California LLC may owe the $800 annual tax, file Form 568, and file federal Form 5472 with a pro forma 1120."
"https://www.form5472prep.com/blog/certificate-of-good-standing-foreign-owned-llc","true","200","","2","5","false","Certificate of Good Standing for a Foreign-Owned LLC · Form5472 Prep","68","A certificate of good standing proves your LLC is current with the state, not the IRS. Who asks for one, how states name it, and where Form 5472 fits.","150","https://www.form5472prep.com/blog/certificate-of-good-standing-foreign-owned-llc","true","index, follow","","1","Certificate of Good Standing for a Foreign-Owned LLC","2057","BlogPosting;Organization;BreadcrumbList;FAQPage","150","A certificate of good standing proves your LLC is current with the state, not the IRS. Who asks for one, how states name it, and"
"https://www.form5472prep.com/blog/chiang-mai-digital-nomad-llc-coworking-owner-paid-costs","true","200","","2","6","false","Chiang Mai Digital Nomads: Track Owner-Paid LLC Costs · Form5472 Prep","69","Paid for coworking or software with your personal card in Chiang Mai? Build an evidence trail for owner-paid LLC costs, reimbursements, and Form 5472.","150","https://www.form5472prep.com/blog/chiang-mai-digital-nomad-llc-coworking-owner-paid-costs","true","index, follow","","1","Chiang Mai Digital Nomads: Track Owner-Paid LLC Costs","969","BlogPosting;Organization;BreadcrumbList;FAQPage","150","Paid for coworking or software with your personal card in Chiang Mai? Build an evidence trail for owner-paid LLC costs, reimbursements, and Form 5472."
"https://www.form5472prep.com/blog/delaware-llc-foreign-owner-tax-filing","true","200","","2","8","false","Delaware LLC Filing Checklist for Foreign Owners · Form5472 Prep","64","A foreign-owned Delaware LLC may owe the $400 state tax and need federal Form 5472 with a pro forma 1120. See the 2026 checklist.","129","https://www.form5472prep.com/blog/delaware-llc-foreign-owner-tax-filing","true","index, follow","","1","Delaware LLC Filing Checklist for Foreign Owners","2263","BlogPosting;Organization;BreadcrumbList;FAQPage;HowTo","129","A foreign-owned Delaware LLC may owe the $400 state tax and need federal Form 5472 with a pro forma 1120. See the 2026 checklist."
"https://www.form5472prep.com/blog/does-foreign-owned-llc-pay-us-tax","true","200","","1","24","false","Does a Foreign-Owned US LLC Pay US Tax? · Form5472 Prep","55","Foreign-owned US LLC tax depends on US trade or business and income sourcing, but Form 5472 filing can still apply when no federal income tax is due.","149","https://www.form5472prep.com/blog/does-foreign-owned-llc-pay-us-tax","true","index, follow","","1","Does a Foreign-Owned US LLC Pay US Tax?","2427","BlogPosting;Organization;BreadcrumbList;FAQPage","149","Foreign-owned US LLC tax depends on US trade or business and income sourcing, but Form 5472 filing can still apply when no federal income tax"
"https://www.form5472prep.com/blog/dubai-digital-nomad-us-llc-corporate-tax-review-pack","true","200","","2","6","false","Dubai Digital Nomads: A U.S. LLC Tax Review Is Not Just a Visa Check · Form5472 Prep","84","Build a Dubai review pack that separates your UAE residence documents, natural-person business activity, U.S. LLC classification, and Form 5472 records.","152","https://www.form5472prep.com/blog/dubai-digital-nomad-us-llc-corporate-tax-review-pack","true","index, follow","","1","Dubai Digital Nomads: A U.S. LLC Tax Review Is Not Just a Visa Check","975","BlogPosting;Organization;BreadcrumbList;FAQPage","152","Build a Dubai review pack that separates your UAE residence documents, natural-person business activity, U.S. LLC classification, and Form 5472 records."
"https://www.form5472prep.com/blog/ein-address-change-form-8822-b","true","200","","2","5","false","EIN Address Change: Form 8822-B for a Foreign-Owned LLC · Form5472 Prep","71","Update a foreign-owned LLC's IRS mailing address with Form 8822-B. Separate business location, home address, and responsible-party changes without a new EIN.","157","https://www.form5472prep.com/blog/ein-address-change-form-8822-b","true","index, follow","","1","EIN Address Change: Form 8822-B for a Foreign-Owned LLC","1184","BlogPosting;Organization;BreadcrumbList;FAQPage","157","Update a foreign-owned LLC's IRS mailing address with Form 8822-B. Separate business location, home address, and responsible-party changes without a new EIN."
"https://www.form5472prep.com/blog/ein-application-checklist-foreign-owned-llc","true","200","","2","10","false","EIN Application Checklist for a Foreign-Owned US LLC · Form5472 Prep","68","Use this EIN checklist after forming a US LLC: legal name, responsible party, Form SS-4 answers, international submission route, and records.","141","https://www.form5472prep.com/blog/ein-application-checklist-foreign-owned-llc","true","index, follow","","1","EIN Application Checklist for a Foreign-Owned US LLC","1064","BlogPosting;Organization;BreadcrumbList","141","Use this EIN checklist after forming a US LLC: legal name, responsible party, Form SS-4 answers, international submission route, and records."
"https://www.form5472prep.com/blog/ein-application-rejected-reference-number-101","true","200","","2","6","false","EIN Application Rejected: Reference Number 101 · Form5472 Prep","62","Reference 101 stops an online EIN application for IRS review. Diagnose the name or responsible-party issue and submit Form SS-4 correctly.","138","https://www.form5472prep.com/blog/ein-application-rejected-reference-number-101","true","index, follow","","1","EIN Application Rejected: Reference Number 101","2491","BlogPosting;Organization;BreadcrumbList;FAQPage;HowTo","138","Reference 101 stops an online EIN application for IRS review. Diagnose the name or responsible-party issue and submit Form SS-4 correctly."
"https://www.form5472prep.com/blog/ein-cost-irs-free-vs-service","true","200","","2","6","false","How Much Does an EIN Cost? Free IRS Application vs Service · Form5472 Prep","74","An EIN is free from the IRS. Compare the direct application routes with Form SS-4 preparation and international handling for a $149 service fee.","144","https://www.form5472prep.com/blog/ein-cost-irs-free-vs-service","true","index, follow","","1","How Much Does an EIN Cost? Free IRS Application vs Service","1008","BlogPosting;Organization;BreadcrumbList","144","An EIN is free from the IRS. Compare the direct application routes with Form SS-4 preparation and international handling for a $149 service fee."
"https://www.form5472prep.com/blog/ein-for-foreign-owned-llc-without-ssn","true","200","","2","13","false","How to Get an EIN for a US LLC Without an SSN or ITIN · Form5472 Prep","69","No SSN or ITIN? You can still get an EIN via Form SS-4. Learn what to write on line 7b, the fax number to use, and how long approval takes.","139","https://www.form5472prep.com/blog/ein-for-foreign-owned-llc-without-ssn","true","index, follow","","1","How to Get an EIN for a US LLC Without an SSN or ITIN","2300","BlogPosting;Organization;BreadcrumbList;FAQPage","139","No SSN or ITIN? You can still get an EIN via Form SS-4. Learn what to write on line 7b, the fax number to use,"
"https://www.form5472prep.com/blog/ein-for-stripe-amazon-paypal-seller-account","true","200","","2","6","false","EIN for Stripe, Amazon, or PayPal Seller Accounts · Form5472 Prep","65","A foreign-owned LLC usually needs its EIN and exact IRS legal name before seller onboarding. Use this sequence and fix common EIN mismatches.","141","https://www.form5472prep.com/blog/ein-for-stripe-amazon-paypal-seller-account","true","index, follow","","1","EIN for Stripe, Amazon, or PayPal Seller Accounts","2553","BlogPosting;Organization;BreadcrumbList;FAQPage","141","A foreign-owned LLC usually needs its EIN and exact IRS legal name before seller onboarding. Use this sequence and fix common EIN mismatches."
"https://www.form5472prep.com/blog/ein-processing-time-international-applicants","true","200","","2","8","false","How Long Does an EIN Take for an International Applicant? · Form5472 Prep","73","Compare international EIN timing by phone, fax, and mail, including the current IRS SS-4 queue and what can delay a foreign-owned LLC application.","146","https://www.form5472prep.com/blog/ein-processing-time-international-applicants","true","index, follow","","1","How Long Does an EIN Take for an International Applicant?","1071","BlogPosting;Organization;BreadcrumbList","146","Compare international EIN timing by phone, fax, and mail, including the current IRS SS-4 queue and what can delay a foreign-owned LLC application."
"https://www.form5472prep.com/blog/ein-responsible-party-foreign-owned-llc","true","200","","2","9","false","Who Is the EIN Responsible Party for a Foreign-Owned LLC? · Form5472 Prep","73","Learn who belongs on Form SS-4 as the responsible party, why a formation agent cannot be named, and what foreign owners enter on line 7b.","137","https://www.form5472prep.com/blog/ein-responsible-party-foreign-owned-llc","true","index, follow","","1","Who Is the EIN Responsible Party for a Foreign-Owned LLC?","1104","BlogPosting;Organization;BreadcrumbList","137","Learn who belongs on Form SS-4 as the responsible party, why a formation agent cannot be named, and what foreign owners enter on line 7b."
"https://www.form5472prep.com/blog/ein-third-party-designee-apply-on-your-behalf","true","200","","2","6","false","Can a Third-Party Designee Get an EIN for You? · Form5472 Prep","62","A third-party designee can receive an EIN and answer SS-4 questions, but cannot replace the real responsible party. Learn the limits and red flags.","147","https://www.form5472prep.com/blog/ein-third-party-designee-apply-on-your-behalf","true","index, follow","","1","Can a Third-Party Designee Get an EIN for You?","2532","BlogPosting;Organization;BreadcrumbList;FAQPage;HowTo","147","A third-party designee can receive an EIN and answer SS-4 questions, but cannot replace the real responsible party. Learn the limits and red flags."
"https://www.form5472prep.com/blog/file-form-5472-for-clients-without-being-a-cpa","true","200","","2","6","false","Can You File Form 5472 for Clients Without Being a CPA? · Form5472 Prep","71","A CPA license is not what federal law requires to prepare a client's return. What a credential changes is your right to represent them before the IRS.","150","https://www.form5472prep.com/blog/file-form-5472-for-clients-without-being-a-cpa","true","index, follow","","1","Can You File Form 5472 for Clients Without Being a CPA?","2331","BlogPosting;Organization;BreadcrumbList;FAQPage","150","A CPA license is not what federal law requires to prepare a client's return. What a credential changes is your right to represent them before"
"https://www.form5472prep.com/blog/file-form-5472-for-multiple-clients","true","200","","2","6","false","How to File Form 5472 for Multiple Clients Without Losing Track · Form5472 Prep","79","Run a book of Form 5472 filings without losing track: the season workflow, the artefact that proves each stage, and a capacity model for 10 to 50 clients.","154","https://www.form5472prep.com/blog/file-form-5472-for-multiple-clients","true","index, follow","","1","How to File Form 5472 for Multiple Clients Without Losing Track","2283","BlogPosting;Organization;BreadcrumbList;FAQPage","154","Run a book of Form 5472 filings without losing track: the season workflow, the artefact that proves each stage, and a capacity model for 10"
"https://www.form5472prep.com/blog/final-form-5472-closing-foreign-owned-llc","true","200","","2","6","false","Final Form 5472 After Closing a U.S. LLC · Form5472 Prep","56","Closing a foreign-owned U.S. LLC does not erase its final Form 5472 filing. Report dissolution transactions and mark the pro forma 1120 final.","142","https://www.form5472prep.com/blog/final-form-5472-closing-foreign-owned-llc","true","index, follow","","1","Final Form 5472 After Closing a U.S. LLC","1017","BlogPosting;Organization;BreadcrumbList;FAQPage","142","Closing a foreign-owned U.S. LLC does not erase its final Form 5472 filing. Report dissolution transactions and mark the pro forma 1120 final."
"https://www.form5472prep.com/blog/first-year-form-5472-new-llc","true","200","","2","13","false","First-Year Form 5472 for New Foreign-Owned LLCs · Form5472 Prep","63","A new foreign-owned U.S. LLC may need Form 5472 for its formation year because startup funding and formation payments are reportable.","133","https://www.form5472prep.com/blog/first-year-form-5472-new-llc","true","index, follow","","1","First-Year Form 5472 for New Foreign-Owned LLCs","2096","BlogPosting;Organization;BreadcrumbList;FAQPage;HowTo","133","A new foreign-owned U.S. LLC may need Form 5472 for its formation year because startup funding and formation payments are reportable."
"https://www.form5472prep.com/blog/florida-llc-foreign-owner-tax-filing","true","200","","2","6","false","Florida LLC Filing Checklist for Foreign Owners · Form5472 Prep","63","A foreign-owned Florida LLC may need the Sunbiz annual report and federal Form 5472 with a pro forma 1120. See the 2026 deadlines.","130","https://www.form5472prep.com/blog/florida-llc-foreign-owner-tax-filing","true","index, follow","","1","Florida LLC Filing Checklist for Foreign Owners","2168","BlogPosting;Organization;BreadcrumbList;FAQPage","130","A foreign-owned Florida LLC may need the Sunbiz annual report and federal Form 5472 with a pro forma 1120. See the 2026 deadlines."
"https://www.form5472prep.com/blog/foreign-owned-llc-compliance-calendar-2027","true","200","","2","184","false","Foreign-Owned LLC Compliance Calendar 2027, Month by Month · Form5472 Prep","74","Every 2027 date for a foreign-owned single-member LLC: Form 5472 by 15 April, the 15 October extension, and state dates for 10 common formation states.","151","https://www.form5472prep.com/blog/foreign-owned-llc-compliance-calendar-2027","true","index, follow","","1","Foreign-Owned LLC Compliance Calendar 2027, Month by Month","2652","BlogPosting;Organization;BreadcrumbList;FAQPage;HowTo","151","Every 2027 date for a foreign-owned single-member LLC: Form 5472 by 15 April, the 15 October extension, and state dates for 10 common formation states."
"https://www.form5472prep.com/blog/foreign-owned-llc-filing-requirements-checklist","true","200","","2","29","false","Foreign-Owned US LLC Filing Checklist (2026) · Form5472 Prep","60","A practical federal and state compliance checklist for a foreign-owned U.S. single-member LLC, including Form 5472, BOI, FBAR, and state-status checks.","151","https://www.form5472prep.com/blog/foreign-owned-llc-filing-requirements-checklist","true","index, follow","","1","Foreign-Owned US LLC Filing Checklist (2026)","1593","BlogPosting;Organization;BreadcrumbList;FAQPage","151","A practical federal and state compliance checklist for a foreign-owned U.S. single-member LLC, including Form 5472, BOI, FBAR, and state-status checks."
"https://www.form5472prep.com/blog/foreign-owned-us-llc-fbar","true","200","","2","8","false","Does a Foreign-Owned U.S. LLC Need an FBAR? · Form5472 Prep","59","A U.S. LLC can need an FBAR even when its foreign owner does not. Check account ownership, location and balances separately from Form 5472.","139","https://www.form5472prep.com/blog/foreign-owned-us-llc-fbar","true","index, follow","","1","Does a Foreign-Owned U.S. LLC Need an FBAR?","1528","BlogPosting;Organization;BreadcrumbList;FAQPage","139","A U.S. LLC can need an FBAR even when its foreign owner does not. Check account ownership, location and balances separately from Form 5472."
"https://www.form5472prep.com/blog/form-5472-1099-k-foreign-owned-llc","true","200","","2","6","false","My Foreign-Owned LLC Received a 1099-K: Does It Go on Form 5472? · Form5472 Prep","80","Reconcile Form 1099-K gross payments to payouts, separate owner withdrawals for Form 5472, and check errors without assuming U.S. income tax is due.","148","https://www.form5472prep.com/blog/form-5472-1099-k-foreign-owned-llc","true","index, follow","","1","My Foreign-Owned LLC Received a 1099-K: Does It Go on Form 5472?","1540","BlogPosting;Organization;BreadcrumbList;FAQPage","148","Reconcile Form 1099-K gross payments to payouts, separate owner withdrawals for Form 5472, and check errors without assuming U.S. income tax is due."
"https://www.form5472prep.com/blog/form-5472-airbnb-short-term-rental-host","true","200","","2","6","false","Airbnb US LLC Non-Resident Taxes and Form 5472 · Form5472 Prep","62","Airbnb payouts stay off Form 5472, but owner funding, personally paid costs and draws may not. See the filing map and worked example.","133","https://www.form5472prep.com/blog/form-5472-airbnb-short-term-rental-host","true","index, follow","","1","Airbnb US LLC Non-Resident Taxes and Form 5472","2490","BlogPosting;Organization;BreadcrumbList;FAQPage;HowTo","133","Airbnb payouts stay off Form 5472, but owner funding, personally paid costs and draws may not. See the filing map and worked example."
"https://www.form5472prep.com/blog/form-5472-argentina-residents-us-llc","true","200","","2","8","false","Form 5472 for Argentina Residents with a US LLC · Form5472 Prep","63","No US-Argentina tax treaty is in force, and the FTIN box takes your CUIT. What Buenos Aires owners and nomads file, and what the $25,000 penalty covers.","152","https://www.form5472prep.com/blog/form-5472-argentina-residents-us-llc","true","index, follow","","1","Form 5472 for Argentina Residents with a US LLC","2422","BlogPosting;Organization;BreadcrumbList;FAQPage;HowTo","152","No US-Argentina tax treaty is in force, and the FTIN box takes your CUIT. What Buenos Aires owners and nomads file, and what the $25,000"
"https://www.form5472prep.com/blog/form-5472-australia-residents-us-llc","true","200","","2","5","false","Form 5472 for Australian Owners of a US LLC · Form5472 Prep","59","Australian owners of a single-member US LLC may need Form 5472 with a pro forma Form 1120. Learn which ID and transactions to report.","133","https://www.form5472prep.com/blog/form-5472-australia-residents-us-llc","true","index, follow","","1","Form 5472 for Australian Owners of a US LLC","2329","BlogPosting;Organization;BreadcrumbList;FAQPage;HowTo","133","Australian owners of a single-member US LLC may need Form 5472 with a pro forma Form 1120. Learn which ID and transactions to report."
"https://www.form5472prep.com/blog/form-5472-brazil-residents-us-llc","true","200","","2","6","false","Form 5472 for Brazil Residents With a US LLC · Form5472 Prep","60","Brazil owners may need Form 5472 even without US tax. Learn the CPF or CNPJ entry, no-treaty position, BRL conversion, and owner-transfer rules.","144","https://www.form5472prep.com/blog/form-5472-brazil-residents-us-llc","true","index, follow","","1","Form 5472 for Brazil Residents With a US LLC","2105","BlogPosting;Organization;BreadcrumbList;FAQPage;HowTo","144","Brazil owners may need Form 5472 even without US tax. Learn the CPF or CNPJ entry, no-treaty position, BRL conversion, and owner-transfer rules."
"https://www.form5472prep.com/blog/form-5472-business-address-owner-address","true","200","","2","7","false","Form 5472 Address: Business vs Foreign Owner Address · Form5472 Prep","68","Use the correct Form 5472 and pro forma 1120 addresses. See principal-office, registered-agent, C/O, and foreign-owner rules.","125","https://www.form5472prep.com/blog/form-5472-business-address-owner-address","true","index, follow","","1","Form 5472 Address: Business vs Foreign Owner Address","1300","BlogPosting;Organization;BreadcrumbList;FAQPage;HowTo","125","Use the correct Form 5472 and pro forma 1120 addresses. See principal-office, registered-agent, C/O, and foreign-owner rules."
"https://www.form5472prep.com/blog/form-5472-canada-residents-us-llc","true","200","","2","5","false","Form 5472 for Canada Residents With a US LLC · Form5472 Prep","60","Canada residents who own a US LLC must file Form 5472 yearly, even with zero revenue. See how to enter your SIN as the FTIN and what counts as reportable.","154","https://www.form5472prep.com/blog/form-5472-canada-residents-us-llc","true","index, follow","","1","Form 5472 for Canada Residents With a US LLC","2316","BlogPosting;Organization;BreadcrumbList;FAQPage","154","Canada residents who own a US LLC must file Form 5472 yearly, even with zero revenue. See how to enter your SIN as the FTIN"
"https://www.form5472prep.com/blog/form-5472-cash-accrual-year-end-cutoff","true","200","","2","5","false","Form 5472 Cash vs Accrual: Year-End Transaction Cutoff · Form5472 Prep","70","A December related-party amount paid in January may belong to different Form 5472 years under cash or accrual accounting. Use this cutoff review.","145","https://www.form5472prep.com/blog/form-5472-cash-accrual-year-end-cutoff","true","index, follow","","1","Form 5472 Cash vs Accrual: Year-End Transaction Cutoff","1109","BlogPosting;Organization;BreadcrumbList;FAQPage","145","A December related-party amount paid in January may belong to different Form 5472 years under cash or accrual accounting. Use this cutoff review."
"https://www.form5472prep.com/blog/form-5472-change-of-ownership","true","200","","2","7","false","Form 5472 After a Change of LLC Ownership · Form5472 Prep","57","A sale, transfer, new member or owner change can create Form 5472 reporting and change an LLC's federal classification. Use this checklist.","139","https://www.form5472prep.com/blog/form-5472-change-of-ownership","true","index, follow","","1","Form 5472 After a Change of LLC Ownership","2117","BlogPosting;Organization;BreadcrumbList;FAQPage;HowTo","139","A sale, transfer, new member or owner change can create Form 5472 reporting and change an LLC's federal classification. Use this checklist."
"https://www.form5472prep.com/blog/form-5472-china-residents-us-llc","true","200","","2","6","false","Form 5472 for China Residents With a US LLC · Form5472 Prep","59","Mainland China owners may need Form 5472 for a US LLC. Learn the Chinese TIN, treaty position, RMB conversion, and reportable transfers.","136","https://www.form5472prep.com/blog/form-5472-china-residents-us-llc","true","index, follow","","1","Form 5472 for China Residents With a US LLC","2201","BlogPosting;Organization;BreadcrumbList;FAQPage;HowTo","136","Mainland China owners may need Form 5472 for a US LLC. Learn the Chinese TIN, treaty position, RMB conversion, and reportable transfers."
"https://www.form5472prep.com/blog/form-5472-client-intake-checklist-for-firms","true","200","","2","6","false","What to Collect From a Client Before Filing Their Form 5472 · Form5472 Prep","75","The exact field list to gather from a client before preparing their Form 5472, plus a copy-paste request email and the four items that must arrive first.","153","https://www.form5472prep.com/blog/form-5472-client-intake-checklist-for-firms","true","index, follow","","1","What to Collect From a Client Before Filing Their Form 5472","2503","BlogPosting;Organization;BreadcrumbList;FAQPage","153","The exact field list to gather from a client before preparing their Form 5472, plus a copy-paste request email and the four items that must"
"https://www.form5472prep.com/blog/form-5472-coaches-consultants-course-creators","true","200","","2","7","false","Form 5472 for Coaches, Consultants and Course Creators With a US LLC · Form5472 Prep","84","Course-platform payouts and client retainers stay off Form 5472; your withdrawals and owner-paid software do not. See a worked coaching-year example.","149","https://www.form5472prep.com/blog/form-5472-coaches-consultants-course-creators","true","index, follow","","1","Form 5472 for Coaches, Consultants and Course Creators With a US LLC","2448","BlogPosting;Organization;BreadcrumbList;FAQPage","149","Course-platform payouts and client retainers stay off Form 5472; your withdrawals and owner-paid software do not. See a worked coaching-year example."
"https://www.form5472prep.com/blog/form-5472-colombia-residents-us-llc","true","200","","2","8","false","Form 5472 for Colombia Residents with a US LLC · Form5472 Prep","62","No US-Colombia income tax treaty is in force, and your NIT may or may not exist. See what Medellín-based LLC owners report on Form 5472, with COP examples.","155","https://www.form5472prep.com/blog/form-5472-colombia-residents-us-llc","true","index, follow","","1","Form 5472 for Colombia Residents with a US LLC","2330","BlogPosting;Organization;BreadcrumbList;FAQPage;HowTo","155","No US-Colombia income tax treaty is in force, and your NIT may or may not exist. See what Medellín-based LLC owners report on Form 5472,"
"https://www.form5472prep.com/blog/form-5472-cost","true","200","","2","8","false","Form 5472 Filing Cost: 2026 Breakdown · Form5472 Prep","53","Form 5472 has no IRS filing fee. Compare the real preparation, delivery, recordkeeping, and scope costs of DIY and paid filing help.","132","https://www.form5472prep.com/blog/form-5472-cost","true","index, follow","","1","Form 5472 Filing Cost: 2026 Breakdown","1063","BlogPosting;Organization;BreadcrumbList;FAQPage","132","Form 5472 has no IRS filing fee. Compare the real preparation, delivery, recordkeeping, and scope costs of DIY and paid filing help."
"https://www.form5472prep.com/blog/form-5472-costa-rica-residents-us-llc","true","200","","2","7","false","Form 5472 for Costa Rica Residents with a US LLC · Form5472 Prep","64","No US-Costa Rica tax treaty is in force and territorial taxation changes nothing. See what a DIMEX, a NITE or neither means for the Form 5472 FTIN box.","151","https://www.form5472prep.com/blog/form-5472-costa-rica-residents-us-llc","true","index, follow","","1","Form 5472 for Costa Rica Residents with a US LLC","2459","BlogPosting;Organization;BreadcrumbList;FAQPage;HowTo","151","No US-Costa Rica tax treaty is in force and territorial taxation changes nothing. See what a DIMEX, a NITE or neither means for the Form"
"https://www.form5472prep.com/blog/form-5472-croatia-residents-us-llc","true","200","","2","7","false","Form 5472 for Croatia Residents with a US LLC · Form5472 Prep","61","The US-Croatia tax treaty signed in 2022 is not yet in force. What Croatia-based US LLC owners file on Form 5472, and what goes in the FTIN box.","144","https://www.form5472prep.com/blog/form-5472-croatia-residents-us-llc","true","index, follow","","1","Form 5472 for Croatia Residents with a US LLC","2427","BlogPosting;Organization;BreadcrumbList;FAQPage;HowTo","144","The US-Croatia tax treaty signed in 2022 is not yet in force. What Croatia-based US LLC owners file on Form 5472, and what goes in"
"https://www.form5472prep.com/blog/form-5472-crypto-owner-transfers","true","200","","2","5","false","Form 5472 for Crypto Transfers Between an LLC and Its Owner · Form5472 Prep","75","Trace crypto contributions and withdrawals between a foreign owner and a US LLC, document dollar values, and separate owner transfers from wallet moves.","152","https://www.form5472prep.com/blog/form-5472-crypto-owner-transfers","true","index, follow","","1","Form 5472 for Crypto Transfers Between an LLC and Its Owner","1089","BlogPosting;Organization;BreadcrumbList;FAQPage","152","Trace crypto contributions and withdrawals between a foreign owner and a US LLC, document dollar values, and separate owner transfers from wallet moves."
"https://www.form5472prep.com/blog/form-5472-currency-conversion-exchange-rates","true","200","","2","22","false","Form 5472 Exchange Rates: Converting to US Dollars · Form5472 Prep","66","Form 5472 amounts must be in US dollars with an exchange-rate schedule. Learn when to use spot or consistent published rates.","125","https://www.form5472prep.com/blog/form-5472-currency-conversion-exchange-rates","true","index, follow","","1","Form 5472 Exchange Rates: Converting to US Dollars","1767","BlogPosting;Organization;BreadcrumbList;FAQPage;HowTo","125","Form 5472 amounts must be in US dollars with an exchange-rate schedule. Learn when to use spot or consistent published rates."
"https://www.form5472prep.com/blog/form-5472-customer-payments-foreign-source-income","true","200","","2","9","false","Form 5472: Customer Payments vs Owner Transactions · Form5472 Prep","66","Customer revenue is not automatically reported on Form 5472. Learn how to separate invoices, owner funding, withdrawals, and foreign-source income.","147","https://www.form5472prep.com/blog/form-5472-customer-payments-foreign-source-income","true","index, follow","","1","Form 5472: Customer Payments vs Owner Transactions","1154","BlogPosting;Organization;BreadcrumbList;FAQPage;HowTo","147","Customer revenue is not automatically reported on Form 5472. Learn how to separate invoices, owner funding, withdrawals, and foreign-source income."
"https://www.form5472prep.com/blog/form-5472-deadline-2026","true","200","","1","32","false","Form 5472 Deadline for 2026 and 2027 · Form5472 Prep","52","The 2025 Form 5472 is due October 15, 2026 if extended. See every 2026-2027 deadline, the Form 7004 extension rule, and what to do if you're already late.","154","https://www.form5472prep.com/blog/form-5472-deadline-2026","true","index, follow","","1","Form 5472 Deadline for 2026 and 2027","2356","BlogPosting;Organization;BreadcrumbList;FAQPage","154","The 2025 Form 5472 is due October 15, 2026 if extended. See every 2026-2027 deadline, the Form 7004 extension rule, and what to do if"
"https://www.form5472prep.com/blog/form-5472-digital-nomad-us-llc","true","200","","2","40","false","Form 5472 for Digital Nomads: Filing With No Fixed Tax Residence · Form5472 Prep","80","Form 5472 follows your US LLC and your non-US-person status, not where you sleep. What nomads put in the FTIN and address boxes, and the one real US risk.","154","https://www.form5472prep.com/blog/form-5472-digital-nomad-us-llc","true","index, follow","","1","Form 5472 for Digital Nomads: Filing With No Fixed Tax Residence","2657","BlogPosting;Organization;BreadcrumbList;FAQPage;HowTo","154","Form 5472 follows your US LLC and your non-US-person status, not where you sleep. What nomads put in the FTIN and address boxes, and the"
"https://www.form5472prep.com/blog/form-5472-diy-vs-preparer","true","200","","2","10","false","Form 5472: DIY vs. Hiring a Preparer · Form5472 Prep","52","Compare preparing a Form 5472 package yourself with using a preparer: the records, form steps, delivery choices, and questions that matter.","139","https://www.form5472prep.com/blog/form-5472-diy-vs-preparer","true","index, follow","","1","Form 5472: DIY vs. Hiring a Preparer","1331","BlogPosting;Organization;BreadcrumbList;FAQPage","139","Compare preparing a Form 5472 package yourself with using a preparer: the records, form steps, delivery choices, and questions that matter."
"https://www.form5472prep.com/blog/form-5472-dormant-llc-no-income","true","200","","2","11","false","Form 5472 for a Dormant LLC With No Income · Form5472 Prep","58","Zero revenue doesn't mean no filing. A dormant foreign-owned LLC almost always still owes Form 5472 — contributions and distributions count as reportable.","154","https://www.form5472prep.com/blog/form-5472-dormant-llc-no-income","true","index, follow","","1","Form 5472 for a Dormant LLC With No Income","1930","BlogPosting;Organization;BreadcrumbList;FAQPage","154","Zero revenue doesn't mean no filing. A dormant foreign-owned LLC almost always still owes Form 5472 — contributions and distributions count as reportable."
"https://www.form5472prep.com/blog/form-5472-ein-pending-deadline","true","200","","2","9","false","EIN Pending When Form 5472 Is Due: What Can You Do? · Form5472 Prep","67","Separate a pending EIN, a lost EIN letter, and no application. Understand IRS Applied For guidance and the limits of a Form 5472 extension.","139","https://www.form5472prep.com/blog/form-5472-ein-pending-deadline","true","index, follow","","1","EIN Pending When Form 5472 Is Due: What Can You Do?","1766","BlogPosting;Organization;BreadcrumbList;FAQPage","139","Separate a pending EIN, a lost EIN letter, and no application. Understand IRS Applied For guidance and the limits of a Form 5472 extension."
"https://www.form5472prep.com/blog/form-5472-estonia-residents-us-llc","true","200","","2","8","false","Form 5472 for Estonia Residents and e-Residents with a US LLC · Form5472 Prep","77","Estonian e-Residency is not tax residency and does not change your US LLC's Form 5472. See what Estonia residents and e-residents put in the FTIN box.","150","https://www.form5472prep.com/blog/form-5472-estonia-residents-us-llc","true","index, follow","","1","Form 5472 for Estonia Residents and e-Residents with a US LLC","2434","BlogPosting;Organization;BreadcrumbList;FAQPage;HowTo","150","Estonian e-Residency is not tax residency and does not change your US LLC's Form 5472. See what Estonia residents and e-residents put in the FTIN"
"https://www.form5472prep.com/blog/form-5472-etsy-print-on-demand-sellers","true","200","","2","7","false","Form 5472 for Etsy and Print-on-Demand Sellers · Form5472 Prep","62","Etsy sales and unrelated POD supplier bills usually stay off Form 5472. Owner top-ups, draws and related-company payments are different.","136","https://www.form5472prep.com/blog/form-5472-etsy-print-on-demand-sellers","true","index, follow","","1","Form 5472 for Etsy and Print-on-Demand Sellers","2367","BlogPosting;Organization;BreadcrumbList;FAQPage;HowTo","136","Etsy sales and unrelated POD supplier bills usually stay off Form 5472. Owner top-ups, draws and related-company payments are different."
"https://www.form5472prep.com/blog/form-5472-extension","true","200","","2","11","false","Form 5472 Extension: How to Get More Time (Form 7004) · Form5472 Prep","69","Request a Form 5472 extension with Form 7004 by the regular due date. Learn the foreign-owned disregarded LLC route, timing and pending-EIN limits.","147","https://www.form5472prep.com/blog/form-5472-extension","true","index, follow","","1","Form 5472 Extension: How to Get More Time (Form 7004)","1732","BlogPosting;Organization;BreadcrumbList;FAQPage;HowTo","147","Request a Form 5472 extension with Form 7004 by the regular due date. Learn the foreign-owned disregarded LLC route, timing and pending-EIN limits."
"https://www.form5472prep.com/blog/form-5472-family-members-related-parties","true","200","","2","183","false","Paying Family From Your US LLC: Is It on Form 5472? · Form5472 Prep","67","Spouses, parents, children and siblings are related parties of your LLC. See which family payments go on Form 5472 and when a relative needs its own form.","154","https://www.form5472prep.com/blog/form-5472-family-members-related-parties","true","index, follow","","1","Paying Family From Your US LLC: Is It on Form 5472?","2580","BlogPosting;Organization;BreadcrumbList;FAQPage;HowTo","154","Spouses, parents, children and siblings are related parties of your LLC. See which family payments go on Form 5472 and when a relative needs its"
"https://www.form5472prep.com/blog/form-5472-filed-late-never-filed","true","200","","1","40","false","Filed Late or Never Filed Form 5472? Here's What to Do Now · Form5472 Prep","74","Late Form 5472 filings can trigger a $25,000 penalty per form and year. Learn how DIIRSP, complete catch-up returns, and reasonable cause requests work.","152","https://www.form5472prep.com/blog/form-5472-filed-late-never-filed","true","index, follow","","1","Filed Late or Never Filed Form 5472? Here's What to Do Now","2184","BlogPosting;Organization;BreadcrumbList;FAQPage;HowTo","152","Late Form 5472 filings can trigger a $25,000 penalty per form and year. Learn how DIIRSP, complete catch-up returns, and reasonable cause requests work."
"https://www.form5472prep.com/blog/form-5472-foreign-corporate-owner","true","200","","2","7","false","Form 5472 When a Foreign Company Owns the US LLC · Form5472 Prep","64","A foreign company can wholly own a US disregarded LLC. Form 5472 must identify the direct and ultimate owners and related-party transactions.","141","https://www.form5472prep.com/blog/form-5472-foreign-corporate-owner","true","index, follow","","1","Form 5472 When a Foreign Company Owns the US LLC","1982","BlogPosting;Organization;BreadcrumbList;FAQPage;HowTo","141","A foreign company can wholly own a US disregarded LLC. Form 5472 must identify the direct and ultimate owners and related-party transactions."
"https://www.form5472prep.com/blog/form-5472-formation-costs-registered-agent-fees","true","200","","2","6","false","Form 5472: Formation Costs and Registered Agent Fees · Form5472 Prep","68","Owner-paid formation costs and registered-agent fees can trigger Form 5472. See what is reportable, where it goes, and what records to keep.","140","https://www.form5472prep.com/blog/form-5472-formation-costs-registered-agent-fees","true","index, follow","","1","Form 5472: Formation Costs and Registered Agent Fees","1214","BlogPosting;Organization;BreadcrumbList;FAQPage;HowTo","140","Owner-paid formation costs and registered-agent fees can trigger Form 5472. See what is reportable, where it goes, and what records to keep."
"https://www.form5472prep.com/blog/form-5472-france-residents-us-llc","true","200","","2","5","false","Form 5472 for French Owners of a US LLC · Form5472 Prep","55","French owners of a single-member US LLC may need Form 5472 with a pro forma 1120. Learn which tax ID and owner transactions to report.","134","https://www.form5472prep.com/blog/form-5472-france-residents-us-llc","true","index, follow","","1","Form 5472 for French Owners of a US LLC","2277","BlogPosting;Organization;BreadcrumbList;FAQPage;HowTo","134","French owners of a single-member US LLC may need Form 5472 with a pro forma 1120. Learn which tax ID and owner transactions to report."
"https://www.form5472prep.com/blog/form-5472-freelancers-upwork-fiverr-us-llc","true","200","","2","8","false","Form 5472 for Freelancers Using a US LLC on Upwork, Fiverr and Toptal · Form5472 Prep","85","Client payouts from Upwork, Fiverr or Toptal stay off Form 5472; your withdrawals and owner-paid costs do not. See a worked freelancer year.","140","https://www.form5472prep.com/blog/form-5472-freelancers-upwork-fiverr-us-llc","true","index, follow","","1","Form 5472 for Freelancers Using a US LLC on Upwork, Fiverr and Toptal","2453","BlogPosting;Organization;BreadcrumbList;FAQPage","140","Client payouts from Upwork, Fiverr or Toptal stay off Form 5472; your withdrawals and owner-paid costs do not. See a worked freelancer year."
"https://www.form5472prep.com/blog/form-5472-from-mercury-wise-relay-statements","true","200","","2","7","false","Building Your Form 5472 Figures From Mercury, Wise or Relay Statements · Form5472 Prep","86","Turn a Mercury, Wise or Relay export into Form 5472 numbers: separate revenue from owner movements, categorize, total, and reconcile.","133","https://www.form5472prep.com/blog/form-5472-from-mercury-wise-relay-statements","true","index, follow","","1","Building Your Form 5472 Figures From Mercury, Wise or Relay Statements","2333","BlogPosting;Organization;BreadcrumbList;FAQPage;HowTo","133","Turn a Mercury, Wise or Relay export into Form 5472 numbers: separate revenue from owner movements, categorize, total, and reconcile."
"https://www.form5472prep.com/blog/form-5472-ftin-reference-id-foreign-address","true","200","","2","26","false","Form 5472 FTIN, Reference ID, and Foreign Address · Form5472 Prep","65","Use the foreign owner’s FTIN if available, create a consistent reference ID when required, and enter the complete foreign address.","130","https://www.form5472prep.com/blog/form-5472-ftin-reference-id-foreign-address","true","index, follow","","1","Form 5472 FTIN, Reference ID, and Foreign Address","961","BlogPosting;Organization;BreadcrumbList;FAQPage","130","Use the foreign owner’s FTIN if available, create a consistent reference ID when required, and enter the complete foreign address."
"https://www.form5472prep.com/blog/form-5472-georgia-country-residents-us-llc","true","200","","2","8","false","Form 5472 for Georgia (Country) Residents with a US LLC · Form5472 Prep","71","Living in Tbilisi with Georgian small business status? Your US LLC still files Form 5472. See why the two regimes never merge and what goes in the FTIN box.","156","https://www.form5472prep.com/blog/form-5472-georgia-country-residents-us-llc","true","index, follow","","1","Form 5472 for Georgia (Country) Residents with a US LLC","2442","BlogPosting;Organization;BreadcrumbList;FAQPage;HowTo","156","Living in Tbilisi with Georgian small business status? Your US LLC still files Form 5472. See why the two regimes never merge and what goes"
"https://www.form5472prep.com/blog/form-5472-germany-residents-us-llc","true","200","","2","5","false","Form 5472 for German Owners of a US LLC · Form5472 Prep","55","German owners of a single-member US LLC may need Form 5472 and a pro forma 1120. Learn the owner-ID, transaction and filing rules.","130","https://www.form5472prep.com/blog/form-5472-germany-residents-us-llc","true","index, follow","","1","Form 5472 for German Owners of a US LLC","2271","BlogPosting;Organization;BreadcrumbList;FAQPage;HowTo","130","German owners of a single-member US LLC may need Form 5472 and a pro forma 1120. Learn the owner-ID, transaction and filing rules."
"https://www.form5472prep.com/blog/form-5472-hong-kong-residents-us-llc","true","200","","2","7","false","Form 5472 for Hong Kong Residents With a US LLC · Form5472 Prep","63","Hong Kong owners of US LLCs usually file Form 5472 using an HKID as the FTIN. See the treaty, transaction, deadline and filing rules.","133","https://www.form5472prep.com/blog/form-5472-hong-kong-residents-us-llc","true","index, follow","","1","Form 5472 for Hong Kong Residents With a US LLC","2400","BlogPosting;Organization;BreadcrumbList;FAQPage;HowTo","133","Hong Kong owners of US LLCs usually file Form 5472 using an HKID as the FTIN. See the treaty, transaction, deadline and filing rules."
"https://www.form5472prep.com/blog/form-5472-hungary-residents-us-llc","true","200","","2","7","false","Form 5472 for Hungary Residents with a US LLC · Form5472 Prep","61","The US-Hungary treaty was terminated and ceased to have effect from 1 January 2024 — Form 5472 is unchanged. What Hungarian owners file, and the FTIN box.","154","https://www.form5472prep.com/blog/form-5472-hungary-residents-us-llc","true","index, follow","","1","Form 5472 for Hungary Residents with a US LLC","2400","BlogPosting;Organization;BreadcrumbList;FAQPage;HowTo","154","The US-Hungary treaty was terminated and ceased to have effect from 1 January 2024 — Form 5472 is unchanged. What Hungarian owners file, and the"
"https://www.form5472prep.com/blog/form-5472-in-house-vs-outsourced-firm","true","200","","2","6","false","Form 5472 In-House or Outsourced: How Firms Should Decide · Form5472 Prep","73","A firm's build-or-buy decision on Form 5472: side-by-side comparison, the true in-house cost lines, and a five-question test that resolves either way.","150","https://www.form5472prep.com/blog/form-5472-in-house-vs-outsourced-firm","true","index, follow","","1","Form 5472 In-House or Outsourced: How Firms Should Decide","2273","BlogPosting;Organization;BreadcrumbList;FAQPage","150","A firm's build-or-buy decision on Form 5472: side-by-side comparison, the true in-house cost lines, and a five-question test that resolves either way."
"https://www.form5472prep.com/blog/form-5472-india-residents-us-llc","true","200","","2","6","false","Form 5472 for India Residents With a US LLC · Form5472 Prep","59","Form 5472 for India residents covers the US LLC filing package, PAN-as-FTIN rules, and which owner transactions to report.","122","https://www.form5472prep.com/blog/form-5472-india-residents-us-llc","true","index, follow","","1","Form 5472 for India Residents With a US LLC","2387","BlogPosting;Organization;BreadcrumbList;FAQPage","122","Form 5472 for India residents covers the US LLC filing package, PAN-as-FTIN rules, and which owner transactions to report."
"https://www.form5472prep.com/blog/form-5472-indonesia-bali-residents-us-llc","true","200","","2","7","false","Form 5472 for Indonesia and Bali Residents with a US LLC · Form5472 Prep","72","Indonesia has a US tax treaty in force and issues an NPWP, yet neither removes Form 5472. See what Bali-based LLC owners report and what goes in the FTIN box.","158","https://www.form5472prep.com/blog/form-5472-indonesia-bali-residents-us-llc","true","index, follow","","1","Form 5472 for Indonesia and Bali Residents with a US LLC","2422","BlogPosting;Organization;BreadcrumbList;FAQPage;HowTo","158","Indonesia has a US tax treaty in force and issues an NPWP, yet neither removes Form 5472. See what Bali-based LLC owners report and what"
"https://www.form5472prep.com/blog/form-5472-irs-receipt-confirmation-status","true","200","","1","16","false","Did the IRS Receive My Form 5472? Fax Confirmation, Processing and Next Steps · Form5472 Prep","93","Learn what a Form 5472 fax receipt shows, what it cannot prove, how IRS processing evidence differs, and what to do after filing.","129","https://www.form5472prep.com/blog/form-5472-irs-receipt-confirmation-status","true","index, follow","","1","Did the IRS Receive My Form 5472? Fax Confirmation, Processing and Next Steps","1425","BlogPosting;Organization;BreadcrumbList;FAQPage","129","Learn what a Form 5472 fax receipt shows, what it cannot prove, how IRS processing evidence differs, and what to do after filing."
"https://www.form5472prep.com/blog/form-5472-italy-residents-us-llc","true","200","","2","5","false","Form 5472 for Italy Residents With a US LLC · Form5472 Prep","59","Italian owners of US LLCs may need Form 5472 after owner transactions. See the codice fiscale, treaty, deadline, and filing rules.","130","https://www.form5472prep.com/blog/form-5472-italy-residents-us-llc","true","index, follow","","1","Form 5472 for Italy Residents With a US LLC","1211","BlogPosting;Organization;BreadcrumbList;FAQPage;HowTo","130","Italian owners of US LLCs may need Form 5472 after owner transactions. See the codice fiscale, treaty, deadline, and filing rules."
"https://www.form5472prep.com/blog/form-5472-japan-residents-us-llc","true","200","","2","5","false","Form 5472 for Japan Residents With a US LLC · Form5472 Prep","59","Japan-resident US LLC owners may need Form 5472 after owner transactions. See the My Number, treaty, yen conversion, and filing rules.","134","https://www.form5472prep.com/blog/form-5472-japan-residents-us-llc","true","index, follow","","1","Form 5472 for Japan Residents With a US LLC","1166","BlogPosting;Organization;BreadcrumbList;FAQPage;HowTo","134","Japan-resident US LLC owners may need Form 5472 after owner transactions. See the My Number, treaty, yen conversion, and filing rules."
"https://www.form5472prep.com/blog/form-5472-line-1c-total-assets","true","200","","2","12","false","Form 5472 Line 1c: Total Assets, Zero or Blank? · Form5472 Prep","63","Work out Form 5472 line 1c using year-end book assets, distinguish zero from missing records, and understand the pro forma 1120 exception.","138","https://www.form5472prep.com/blog/form-5472-line-1c-total-assets","true","index, follow","","1","Form 5472 Line 1c: Total Assets, Zero or Blank?","1446","BlogPosting;Organization;BreadcrumbList;FAQPage","138","Work out Form 5472 line 1c using year-end book assets, distinguish zero from missing records, and understand the pro forma 1120 exception."
"https://www.form5472prep.com/blog/form-5472-lines-1f-1g-1h-total-value","true","200","","2","8","false","Form 5472 Lines 1f, 1g, and 1h Explained · Form5472 Prep","56","Calculate Form 5472 lines 1f, 1g, and 1h correctly. See gross transaction totals, multiple related parties, and a worked example.","129","https://www.form5472prep.com/blog/form-5472-lines-1f-1g-1h-total-value","true","index, follow","","1","Form 5472 Lines 1f, 1g, and 1h Explained","1102","BlogPosting;Organization;BreadcrumbList;FAQPage;HowTo","129","Calculate Form 5472 lines 1f, 1g, and 1h correctly. See gross transaction totals, multiple related parties, and a worked example."
"https://www.form5472prep.com/blog/form-5472-llc-pays-personal-expenses","true","200","","2","5","false","Form 5472 When Your LLC Pays Your Personal Expenses · Form5472 Prep","67","An LLC payment of a foreign owner's personal bills may need Form 5472 review. Learn how to separate expense deductions, owner benefits, and repayments.","151","https://www.form5472prep.com/blog/form-5472-llc-pays-personal-expenses","true","index, follow","","1","Form 5472 When Your LLC Pays Your Personal Expenses","1063","BlogPosting;Organization;BreadcrumbList;FAQPage","151","An LLC payment of a foreign owner's personal bills may need Form 5472 review. Learn how to separate expense deductions, owner benefits, and repayments."
"https://www.form5472prep.com/blog/form-5472-malaysia-residents-us-llc","true","200","","2","8","false","Form 5472 for Malaysia Residents with a US LLC · Form5472 Prep","62","No comprehensive US-Malaysia tax treaty is in force, and that changes nothing about Form 5472. See what it does change and what goes in the FTIN box.","149","https://www.form5472prep.com/blog/form-5472-malaysia-residents-us-llc","true","index, follow","","1","Form 5472 for Malaysia Residents with a US LLC","2708","BlogPosting;Organization;BreadcrumbList;FAQPage;HowTo","149","No comprehensive US-Malaysia tax treaty is in force, and that changes nothing about Form 5472. See what it does change and what goes in the"
"https://www.form5472prep.com/blog/form-5472-mexico-residents-us-llc","true","200","","2","8","false","Form 5472 for Mexico Residents With a US LLC · Form5472 Prep","60","Mexico residents with US LLCs usually file Form 5472 using an RFC as the FTIN. See treaty, transaction, conversion and deadline rules.","134","https://www.form5472prep.com/blog/form-5472-mexico-residents-us-llc","true","index, follow","","1","Form 5472 for Mexico Residents With a US LLC","2355","BlogPosting;Organization;BreadcrumbList;FAQPage;HowTo","134","Mexico residents with US LLCs usually file Form 5472 using an RFC as the FTIN. See treaty, transaction, conversion and deadline rules."
"https://www.form5472prep.com/blog/form-5472-multiple-llcs-one-owner","true","200","","2","5","false","Form 5472 for Multiple LLCs Owned by One Foreign Person · Form5472 Prep","71","One foreign owner with multiple US LLCs usually needs a separate entity review and filing package for each LLC. Use this entity-by-party matrix.","144","https://www.form5472prep.com/blog/form-5472-multiple-llcs-one-owner","true","index, follow","","1","Form 5472 for Multiple LLCs Owned by One Foreign Person","1257","BlogPosting;Organization;BreadcrumbList;FAQPage","144","One foreign owner with multiple US LLCs usually needs a separate entity review and filing package for each LLC. Use this entity-by-party matrix."
"https://www.form5472prep.com/blog/form-5472-netherlands-residents-us-llc","true","200","","2","5","false","Form 5472 for Dutch Owners of a US LLC · Form5472 Prep","54","Dutch owners of a single-member US LLC may need Form 5472 and a pro forma 1120. Learn the BSN or RSIN, transaction and filing rules.","132","https://www.form5472prep.com/blog/form-5472-netherlands-residents-us-llc","true","index, follow","","1","Form 5472 for Dutch Owners of a US LLC","2230","BlogPosting;Organization;BreadcrumbList;FAQPage;HowTo","132","Dutch owners of a single-member US LLC may need Form 5472 and a pro forma 1120. Learn the BSN or RSIN, transaction and filing rules."
"https://www.form5472prep.com/blog/form-5472-new-zealand-residents-us-llc","true","200","","2","5","false","Form 5472 for New Zealand Owners of a US LLC · Form5472 Prep","60","New Zealand owners of US LLCs may need Form 5472 after owner transactions. See the IRD number, local classification, and filing rules.","134","https://www.form5472prep.com/blog/form-5472-new-zealand-residents-us-llc","true","index, follow","","1","Form 5472 for New Zealand Owners of a US LLC","1253","BlogPosting;Organization;BreadcrumbList;FAQPage;HowTo","134","New Zealand owners of US LLCs may need Form 5472 after owner transactions. See the IRD number, local classification, and filing rules."
"https://www.form5472prep.com/blog/form-5472-nigeria-residents-us-llc","true","200","","2","6","false","Form 5472 for Nigeria Residents With a US LLC · Form5472 Prep","61","Nigeria owners may need Form 5472 even without US tax. Learn the Nigerian Tax ID, no-treaty position, payout tracing, and NGN conversion.","137","https://www.form5472prep.com/blog/form-5472-nigeria-residents-us-llc","true","index, follow","","1","Form 5472 for Nigeria Residents With a US LLC","2261","BlogPosting;Organization;BreadcrumbList;FAQPage;HowTo","137","Nigeria owners may need Form 5472 even without US tax. Learn the Nigerian Tax ID, no-treaty position, payout tracing, and NGN conversion."
"https://www.form5472prep.com/blog/form-5472-no-us-bank-account","true","200","","2","7","false","Form 5472 With No US Bank Account · Form5472 Prep","49","A foreign-owned LLC can need Form 5472 without a US bank account. Owner-paid fees, formation costs, and foreign-account transfers may still count.","146","https://www.form5472prep.com/blog/form-5472-no-us-bank-account","true","index, follow","","1","Form 5472 With No US Bank Account","1212","BlogPosting;Organization;BreadcrumbList;FAQPage;HowTo","146","A foreign-owned LLC can need Form 5472 without a US bank account. Owner-paid fees, formation costs, and foreign-account transfers may still count."
"https://www.form5472prep.com/blog/form-5472-noncash-property-transfers","true","200","","2","6","false","Form 5472 for Noncash Property Transfers · Form5472 Prep","56","Foreign-owned LLCs may need to disclose equipment, intellectual property, services, and other noncash transfers with related parties on Form 5472.","146","https://www.form5472prep.com/blog/form-5472-noncash-property-transfers","true","index, follow","","1","Form 5472 for Noncash Property Transfers","1207","BlogPosting;Organization;BreadcrumbList;FAQPage","146","Foreign-owned LLCs may need to disclose equipment, intellectual property, services, and other noncash transfers with related parties on Form 5472."
"https://www.form5472prep.com/blog/form-5472-nonresident-spouse-joint-return-election","true","200","","2","6","false","Form 5472 and a Nonresident Spouse's Joint-Return Election · Form5472 Prep","74","A valid section 6013(g) or (h) election changes the Form 5472 foreign-person analysis. Learn what an LLC owner should verify before changing filings.","149","https://www.form5472prep.com/blog/form-5472-nonresident-spouse-joint-return-election","true","index, follow","","1","Form 5472 and a Nonresident Spouse's Joint-Return Election","1272","BlogPosting;Organization;BreadcrumbList;FAQPage","149","A valid section 6013(g) or (h) election changes the Form 5472 foreign-person analysis. Learn what an LLC owner should verify before changing filings."
"https://www.form5472prep.com/blog/form-5472-outstanding-owner-loan-no-transfers","true","200","","2","6","false","Form 5472 for an Outstanding Owner Loan With No New Transfers · Form5472 Prep","77","An owner loan carried from last year can still matter for Form 5472 even when no new cash moved. See which balances and records to review.","138","https://www.form5472prep.com/blog/form-5472-outstanding-owner-loan-no-transfers","true","index, follow","","1","Form 5472 for an Outstanding Owner Loan With No New Transfers","1150","BlogPosting;Organization;BreadcrumbList;FAQPage","138","An owner loan carried from last year can still matter for Form 5472 even when no new cash moved. See which balances and records to"
"https://www.form5472prep.com/blog/form-5472-owner-becomes-us-tax-resident","true","200","","2","8","false","When a Form 5472 Owner Becomes a U.S. Tax Resident · Form5472 Prep","66","A transition-year checklist for foreign-owned U.S. LLC owners who meet a U.S. tax-residency test, without assuming Form 5472 stops on arrival.","142","https://www.form5472prep.com/blog/form-5472-owner-becomes-us-tax-resident","true","index, follow","","1","When a Form 5472 Owner Becomes a U.S. Tax Resident","1558","BlogPosting;Organization;BreadcrumbList;FAQPage","142","A transition-year checklist for foreign-owned U.S. LLC owners who meet a U.S. tax-residency test, without assuming Form 5472 stops on arrival."
"https://www.form5472prep.com/blog/form-5472-owner-loans-contributions-reimbursements","true","200","","2","13","false","Form 5472 Owner Loans and Contributions · Form5472 Prep","55","Owner loans, capital contributions, withdrawals and reimbursements can all be Form 5472 transactions. Use this classification guide.","132","https://www.form5472prep.com/blog/form-5472-owner-loans-contributions-reimbursements","true","index, follow","","1","Form 5472 Owner Loans and Contributions","920","BlogPosting;Organization;BreadcrumbList;FAQPage","132","Owner loans, capital contributions, withdrawals and reimbursements can all be Form 5472 transactions. Use this classification guide."
"https://www.form5472prep.com/blog/form-5472-pakistan-residents-us-llc","true","200","","2","6","false","Form 5472 for Pakistan Residents With a US LLC · Form5472 Prep","62","Pakistan owners of US LLCs usually file Form 5472 using a CNIC or NTN. Learn how platform payouts, treaty status and PKR conversion work.","137","https://www.form5472prep.com/blog/form-5472-pakistan-residents-us-llc","true","index, follow","","1","Form 5472 for Pakistan Residents With a US LLC","2423","BlogPosting;Organization;BreadcrumbList;FAQPage;HowTo","137","Pakistan owners of US LLCs usually file Form 5472 using a CNIC or NTN. Learn how platform payouts, treaty status and PKR conversion work."
"https://www.form5472prep.com/blog/form-5472-part-v-statement-example","true","200","","2","12","false","Form 5472 Part V Statement Example · Form5472 Prep","50","See an annotated Form 5472 Part V statement template for owner contributions, distributions and other foreign-owned US DE transactions.","135","https://www.form5472prep.com/blog/form-5472-part-v-statement-example","true","index, follow","","1","Form 5472 Part V Statement Example","2121","BlogPosting;Organization;BreadcrumbList;FAQPage;HowTo","135","See an annotated Form 5472 Part V statement template for owner contributions, distributions and other foreign-owned US DE transactions."
"https://www.form5472prep.com/blog/form-5472-partner-program-company-formation-agents","true","200","","2","5","false","Form 5472 Partner Program for Company Formation Agents · Form5472 Prep","70","Company-formation agencies can add a structured Form 5472 handoff, partner dashboard, client signature flow, and optional white-label delivery.","143","https://www.form5472prep.com/blog/form-5472-partner-program-company-formation-agents","true","index, follow","","1","Form 5472 Partner Program for Company Formation Agents","1139","BlogPosting;Organization;BreadcrumbList","143","Company-formation agencies can add a structured Form 5472 handoff, partner dashboard, client signature flow, and optional white-label delivery."
"https://www.form5472prep.com/blog/form-5472-partner-program-how-it-works","true","200","","2","9","false","How the Form5472 Prep Partner Program Works · Form5472 Prep","59","A practical guide for agencies, accountants, registered agents, and consultants that want to manage Form 5472 filings for multiple clients.","139","https://www.form5472prep.com/blog/form-5472-partner-program-how-it-works","true","index, follow","","1","How the Form5472 Prep Partner Program Works","1211","BlogPosting;Organization;BreadcrumbList","139","A practical guide for agencies, accountants, registered agents, and consultants that want to manage Form 5472 filings for multiple clients."
"https://www.form5472prep.com/blog/form-5472-partner-program-registered-agents","true","200","","2","5","false","Form 5472 Partner Program for Registered Agents · Form5472 Prep","63","Registered agents can connect foreign-owned LLC clients with a structured Form 5472 filing workflow while keeping state and federal duties separate.","148","https://www.form5472prep.com/blog/form-5472-partner-program-registered-agents","true","index, follow","","1","Form 5472 Partner Program for Registered Agents","1049","BlogPosting;Organization;BreadcrumbList","148","Registered agents can connect foreign-owned LLC clients with a structured Form 5472 filing workflow while keeping state and federal duties separate."
"https://www.form5472prep.com/blog/form-5472-penalty-notice-what-to-do","true","200","","2","11","false","I Got a $25,000 Form 5472 Penalty Notice — Now What? · Form5472 Prep","68","Got a $25,000 Form 5472 penalty notice? Here's what CP215 means, why a reasonable-cause letter gets ignored, and how to respond before the deadline.","148","https://www.form5472prep.com/blog/form-5472-penalty-notice-what-to-do","true","index, follow","","1","I Got a $25,000 Form 5472 Penalty Notice — Now What?","2810","BlogPosting;Organization;BreadcrumbList;FAQPage;HowTo","148","Got a $25,000 Form 5472 penalty notice? Here's what CP215 means, why a reasonable-cause letter gets ignored, and how to respond before the deadline."
"https://www.form5472prep.com/blog/form-5472-philippines-residents-us-llc","true","200","","2","7","false","Form 5472 for Philippines Residents with a US LLC · Form5472 Prep","65","Philippines-based US LLC owners still file Form 5472 yearly. See what the US treaty changes, when your BIR TIN goes in the FTIN box, and why BIR filings don't replace it.","170","https://www.form5472prep.com/blog/form-5472-philippines-residents-us-llc","true","index, follow","","1","Form 5472 for Philippines Residents with a US LLC","2569","BlogPosting;Organization;BreadcrumbList;FAQPage;HowTo","170","Philippines-based US LLC owners still file Form 5472 yearly. See what the US treaty changes, when your BIR TIN goes in the FTIN box, and"
"https://www.form5472prep.com/blog/form-5472-portugal-residents-us-llc","true","200","","2","8","false","Form 5472 for Portugal Residents with a US LLC · Form5472 Prep","62","Portugal residents with a US LLC file Form 5472 and a pro forma 1120. Your NIF goes in the FTIN box, and NHR is closed — here is what replaced it.","146","https://www.form5472prep.com/blog/form-5472-portugal-residents-us-llc","true","index, follow","","1","Form 5472 for Portugal Residents with a US LLC","2472","BlogPosting;Organization;BreadcrumbList;FAQPage;HowTo","146","Portugal residents with a US LLC file Form 5472 and a pro forma 1120. Your NIF goes in the FTIN box, and NHR is closed"
"https://www.form5472prep.com/blog/form-5472-pro-forma-1120-signature","true","200","","2","14","false","Can You Electronically Sign Form 5472 and Pro Forma 1120? · Form5472 Prep","73","Separate e-signing from e-filing, find the actual signature block, and use a conservative signing workflow for a foreign-owned LLC's filing package.","148","https://www.form5472prep.com/blog/form-5472-pro-forma-1120-signature","true","index, follow","","1","Can You Electronically Sign Form 5472 and Pro Forma 1120?","1548","BlogPosting;Organization;BreadcrumbList;FAQPage","148","Separate e-signing from e-filing, find the actual signature block, and use a conservative signing workflow for a foreign-owned LLC's filing package."
"https://www.form5472prep.com/blog/form-5472-reasonable-cause-letter","true","200","","2","9","false","Form 5472 Reasonable Cause Letter: What to Include · Form5472 Prep","66","A Form 5472 reasonable cause letter needs a dated, evidence-backed account of ordinary care — here's what to include and what the IRS credits.","142","https://www.form5472prep.com/blog/form-5472-reasonable-cause-letter","true","index, follow","","1","Form 5472 Reasonable Cause Letter: What to Include","2172","BlogPosting;Organization;BreadcrumbList;FAQPage;HowTo","142","A Form 5472 reasonable cause letter needs a dated, evidence-backed account of ordinary care — here's what to include and what the IRS credits."
"https://www.form5472prep.com/blog/form-5472-reasonable-estimates-small-amounts","true","200","","2","6","false","Form 5472 Reasonable Estimates and the $50,000 Reporting Rule · Form5472 Prep","77","Learn when Form 5472 permits a reasonable estimate, what the 75%-to-125% standard means, and why $50,000 is not a filing exemption.","131","https://www.form5472prep.com/blog/form-5472-reasonable-estimates-small-amounts","true","index, follow","","1","Form 5472 Reasonable Estimates and the $50,000 Reporting Rule","1146","BlogPosting;Organization;BreadcrumbList;FAQPage","131","Learn when Form 5472 permits a reasonable estimate, what the 75%-to-125% standard means, and why $50,000 is not a filing exemption."
"https://www.form5472prep.com/blog/form-5472-recordkeeping-checklist","true","200","","2","21","false","Form 5472 Recordkeeping Checklist · Form5472 Prep","49","Keep records that trace every Form 5472 related-party total to a source document. Download a clearly hypothetical owner-transfer ledger example.","144","https://www.form5472prep.com/blog/form-5472-recordkeeping-checklist","true","index, follow","","1","Form 5472 Recordkeeping Checklist","1044","BlogPosting;Organization;BreadcrumbList;FAQPage","144","Keep records that trace every Form 5472 related-party total to a source document. Download a clearly hypothetical owner-transfer ledger example."
"https://www.form5472prep.com/blog/form-5472-related-party-services-management-fees","true","200","","2","10","false","Form 5472 for Related-Party Services and Management Fees · Form5472 Prep","72","Payments for management, technical, consulting, and other services between a US LLC and a foreign related party can require Form 5472 reporting.","144","https://www.form5472prep.com/blog/form-5472-related-party-services-management-fees","true","index, follow","","1","Form 5472 for Related-Party Services and Management Fees","1267","BlogPosting;Organization;BreadcrumbList;FAQPage","144","Payments for management, technical, consulting, and other services between a US LLC and a foreign related party can require Form 5472 reporting."
"https://www.form5472prep.com/blog/form-5472-reportable-transactions-examples","true","200","","2","32","false","Form 5472 Reportable Transactions: 15 Examples · Form5472 Prep","62","Form 5472 reports transactions between a foreign-owned U.S. LLC and related parties—not every sale or expense. See 15 practical examples.","137","https://www.form5472prep.com/blog/form-5472-reportable-transactions-examples","true","index, follow","","1","Form 5472 Reportable Transactions: 15 Examples","1928","BlogPosting;Organization;BreadcrumbList;FAQPage;HowTo","137","Form 5472 reports transactions between a foreign-owned U.S. LLC and related parties—not every sale or expense. See 15 practical examples."
"https://www.form5472prep.com/blog/form-5472-royalties-license-fees-intellectual-property","true","200","","2","6","false","Form 5472 for Royalties, License Fees, and Intellectual Property · Form5472 Prep","80","Related-party royalties, software licenses, trademarks, patents, and other IP transactions may require Form 5472 and a separate US withholding review.","150","https://www.form5472prep.com/blog/form-5472-royalties-license-fees-intellectual-property","true","index, follow","","1","Form 5472 for Royalties, License Fees, and Intellectual Property","1148","BlogPosting;Organization;BreadcrumbList;FAQPage","150","Related-party royalties, software licenses, trademarks, patents, and other IP transactions may require Form 5472 and a separate US withholding review."
"https://www.form5472prep.com/blog/form-5472-saas-founders","true","200","","2","6","false","Form 5472 for Foreign-Owned SaaS Founders · Form5472 Prep","57","Non-U.S. SaaS founders may need Form 5472 even when the LLC owes no entity-level income tax. Here is what the filing reports.","125","https://www.form5472prep.com/blog/form-5472-saas-founders","true","index, follow","","1","Form 5472 for Foreign-Owned SaaS Founders","1787","BlogPosting;Organization;BreadcrumbList;FAQPage;HowTo","125","Non-U.S. SaaS founders may need Form 5472 even when the LLC owes no entity-level income tax. Here is what the filing reports."
"https://www.form5472prep.com/blog/form-5472-shopify-dropshipping-foreign-owner","true","200","","2","7","false","Shopify Dropshipping LLC: Non-Resident Form 5472 · Form5472 Prep","64","Shopify sales and supplier payments usually stay off Form 5472, but owner transfers may not. Learn what a non-resident LLC must report.","135","https://www.form5472prep.com/blog/form-5472-shopify-dropshipping-foreign-owner","true","index, follow","","1","Shopify Dropshipping LLC: Non-Resident Form 5472","2258","BlogPosting;Organization;BreadcrumbList;FAQPage","135","Shopify sales and supplier payments usually stay off Form 5472, but owner transfers may not. Learn what a non-resident LLC must report."
"https://www.form5472prep.com/blog/form-5472-short-tax-year","true","200","","2","5","false","Form 5472 for a Short Tax Year or LLC Formed Late in the Year · Form5472 Prep","77","An LLC formed late in the year may have a short first Form 5472 period. See the reporting dates, deadline, and transactions that belong in it.","142","https://www.form5472prep.com/blog/form-5472-short-tax-year","true","index, follow","","1","Form 5472 for a Short Tax Year or LLC Formed Late in the Year","1233","BlogPosting;Organization;BreadcrumbList;FAQPage","142","An LLC formed late in the year may have a short first Form 5472 period. See the reporting dates, deadline, and transactions that belong in"
"https://www.form5472prep.com/blog/form-5472-singapore-residents-us-llc","true","200","","2","7","false","Form 5472 for Singapore Owners of a US LLC · Form5472 Prep","58","Singapore owners of a single-member US LLC may need Form 5472 and a pro forma 1120. Learn the TIN, transaction and deadline rules.","130","https://www.form5472prep.com/blog/form-5472-singapore-residents-us-llc","true","index, follow","","1","Form 5472 for Singapore Owners of a US LLC","2177","BlogPosting;Organization;BreadcrumbList;FAQPage;HowTo","130","Singapore owners of a single-member US LLC may need Form 5472 and a pro forma 1120. Learn the TIN, transaction and deadline rules."
"https://www.form5472prep.com/blog/form-5472-small-corporation-reasonable-cause","true","200","","2","184","false","Form 5472 Reasonable Cause: The Small-Corporation Rule · Form5472 Prep","70","A Treasury rule tells the IRS to read reasonable cause liberally for small corporations. See its three conditions and how to use them for a late Form 5472.","155","https://www.form5472prep.com/blog/form-5472-small-corporation-reasonable-cause","true","index, follow","","1","Form 5472 Reasonable Cause: The Small-Corporation Rule","2688","BlogPosting;Organization;BreadcrumbList;FAQPage;HowTo","155","A Treasury rule tells the IRS to read reasonable cause liberally for small corporations. See its three conditions and how to use them for a"
"https://www.form5472prep.com/blog/form-5472-south-korea-residents-us-llc","true","200","","2","7","false","Form 5472 for South Korea Residents with a US LLC · Form5472 Prep","65","The US-Korea treaty is in force and changes nothing about Form 5472. See which Korean registration number goes in the FTIN box and how to file from Seoul.","154","https://www.form5472prep.com/blog/form-5472-south-korea-residents-us-llc","true","index, follow","","1","Form 5472 for South Korea Residents with a US LLC","2534","BlogPosting;Organization;BreadcrumbList;FAQPage;HowTo","154","The US-Korea treaty is in force and changes nothing about Form 5472. See which Korean registration number goes in the FTIN box and how to"
"https://www.form5472prep.com/blog/form-5472-spain-residents-us-llc","true","200","","2","6","false","Form 5472 for Spain Residents With a US LLC · Form5472 Prep","59","Spanish owners of US LLCs may need Form 5472 after owner transactions. See the NIF, treaty, deadline, and transaction rules.","124","https://www.form5472prep.com/blog/form-5472-spain-residents-us-llc","true","index, follow","","1","Form 5472 for Spain Residents With a US LLC","1268","BlogPosting;Organization;BreadcrumbList;FAQPage;HowTo","124","Spanish owners of US LLCs may need Form 5472 after owner transactions. See the NIF, treaty, deadline, and transaction rules."
"https://www.form5472prep.com/blog/form-5472-statute-of-limitations","true","200","","2","7","false","Form 5472 Statute of Limitations: How Far Back? · Form5472 Prep","63","Missing Form 5472 can keep the IRS assessment period open. See how the three-year clock starts and how to catch up old years.","125","https://www.form5472prep.com/blog/form-5472-statute-of-limitations","true","index, follow","","1","Form 5472 Statute of Limitations: How Far Back?","2028","BlogPosting;Organization;BreadcrumbList;FAQPage;HowTo","125","Missing Form 5472 can keep the IRS assessment period open. See how the three-year clock starts and how to catch up old years."
"https://www.form5472prep.com/blog/form-5472-switzerland-residents-us-llc","true","200","","2","5","false","Form 5472 for Swiss Residents With a US LLC · Form5472 Prep","59","Swiss owners of US LLCs may need Form 5472 after owner transactions. See the AHV number, UID, treaty, and filing rules.","119","https://www.form5472prep.com/blog/form-5472-switzerland-residents-us-llc","true","index, follow","","1","Form 5472 for Swiss Residents With a US LLC","1163","BlogPosting;Organization;BreadcrumbList;FAQPage;HowTo","119","Swiss owners of US LLCs may need Form 5472 after owner transactions. See the AHV number, UID, treaty, and filing rules."
"https://www.form5472prep.com/blog/form-5472-taiwan-residents-us-llc","true","200","","2","7","false","Form 5472 for Taiwan Residents with a US LLC · Form5472 Prep","60","Taiwan is not on the IRS treaty list, and double-tax relief legislation is unconfirmed. See what that changes for Form 5472 and what goes in the FTIN box.","154","https://www.form5472prep.com/blog/form-5472-taiwan-residents-us-llc","true","index, follow","","1","Form 5472 for Taiwan Residents with a US LLC","2788","BlogPosting;Organization;BreadcrumbList;FAQPage;HowTo","154","Taiwan is not on the IRS treaty list, and double-tax relief legislation is unconfirmed. See what that changes for Form 5472 and what goes in"
"https://www.form5472prep.com/blog/form-5472-thailand-residents-us-llc","true","200","","2","9","false","Form 5472 for Thailand Residents with a US LLC · Form5472 Prep","62","A US-Thailand tax treaty is in effect and Thailand issues a personal TIN. Neither removes Form 5472. See what goes in the FTIN box from Thailand.","145","https://www.form5472prep.com/blog/form-5472-thailand-residents-us-llc","true","index, follow","","1","Form 5472 for Thailand Residents with a US LLC","2419","BlogPosting;Organization;BreadcrumbList;FAQPage;HowTo","145","A US-Thailand tax treaty is in effect and Thailand issues a personal TIN. Neither removes Form 5472. See what goes in the FTIN box from"
"https://www.form5472prep.com/blog/form-5472-turkey-residents-us-llc","true","200","","2","7","false","Form 5472 for Turkey Residents with a US LLC · Form5472 Prep","60","A US-Türkiye tax treaty is listed by the IRS, but it changes nothing about Form 5472. See what Turkey residents put in the FTIN box and how filing works.","153","https://www.form5472prep.com/blog/form-5472-turkey-residents-us-llc","true","index, follow","","1","Form 5472 for Turkey Residents with a US LLC","2461","BlogPosting;Organization;BreadcrumbList;FAQPage;HowTo","153","A US-Türkiye tax treaty is listed by the IRS, but it changes nothing about Form 5472. See what Turkey residents put in the FTIN box"
"https://www.form5472prep.com/blog/form-5472-uae-dubai-residents-us-llc","true","200","","2","12","false","Form 5472 for UAE and Dubai Residents with a US LLC · Form5472 Prep","67","No US-UAE tax treaty and no UAE personal tax ID change how Dubai owners file Form 5472. See what goes in the FTIN box and what the $25,000 penalty means.","153","https://www.form5472prep.com/blog/form-5472-uae-dubai-residents-us-llc","true","index, follow","","1","Form 5472 for UAE and Dubai Residents with a US LLC","2644","BlogPosting;Organization;BreadcrumbList;FAQPage;HowTo","153","No US-UAE tax treaty and no UAE personal tax ID change how Dubai owners file Form 5472. See what goes in the FTIN box and"
"https://www.form5472prep.com/blog/form-5472-uk-residents-us-llc","true","200","","2","6","false","Form 5472 for UK Residents With a U.S. LLC · Form5472 Prep","58","Form 5472 for UK residents covers the annual filing package for a foreign-owned US LLC, reportable transactions, deadlines, and late-filing consequences.","153","https://www.form5472prep.com/blog/form-5472-uk-residents-us-llc","true","index, follow","","1","Form 5472 for UK Residents With a U.S. LLC","2201","BlogPosting;Organization;BreadcrumbList;FAQPage","153","Form 5472 for UK residents covers the annual filing package for a foreign-owned US LLC, reportable transactions, deadlines, and late-filing consequences."
"https://www.form5472prep.com/blog/form-5472-us-real-estate-foreign-investor","true","200","","2","7","false","Form 5472 Foreign Owner US Rental Property LLC · Form5472 Prep","62","Foreign owner with a US rental LLC? Form 5472 can be due even when rental tax is handled on Form 1040-NR. See what each return covers.","134","https://www.form5472prep.com/blog/form-5472-us-real-estate-foreign-investor","true","index, follow","","1","Form 5472 Foreign Owner US Rental Property LLC","2236","BlogPosting;Organization;BreadcrumbList;FAQPage;HowTo","134","Foreign owner with a US rental LLC? Form 5472 can be due even when rental tax is handled on Form 1040-NR. See what each return"
"https://www.form5472prep.com/blog/form-5472-vietnam-residents-us-llc","true","200","","2","7","false","Form 5472 for Vietnam Residents with a US LLC · Form5472 Prep","61","No US-Vietnam tax treaty is in force, and Vietnamese tax codes became personal ID numbers in 2025. What Vietnam-based LLC owners file on Form 5472.","147","https://www.form5472prep.com/blog/form-5472-vietnam-residents-us-llc","true","index, follow","","1","Form 5472 for Vietnam Residents with a US LLC","2347","BlogPosting;Organization;BreadcrumbList;FAQPage;HowTo","147","No US-Vietnam tax treaty is in force, and Vietnamese tax codes became personal ID numbers in 2025. What Vietnam-based LLC owners file on Form 5472."
"https://www.form5472prep.com/blog/form-5472-vs-1040-nr","true","200","","2","6","false","Form 5472 vs Form 1040-NR: Which Does a Foreign LLC Owner File? · Form5472 Prep","79","Form 5472 reports an LLC's related-party transactions; Form 1040-NR reports a nonresident owner's US income. See when one or both apply.","136","https://www.form5472prep.com/blog/form-5472-vs-1040-nr","true","index, follow","","1","Form 5472 vs Form 1040-NR: Which Does a Foreign LLC Owner File?","1359","BlogPosting;Organization;BreadcrumbList;FAQPage","136","Form 5472 reports an LLC's related-party transactions; Form 1040-NR reports a nonresident owner's US income. See when one or both apply."
"https://www.form5472prep.com/blog/form-5472-vs-1120-f","true","200","","2","6","false","Form 5472 vs Form 1120-F for a Foreign Corporation-Owned LLC · Form5472 Prep","76","Form 5472 is a related-party disclosure; Form 1120-F is a foreign corporation income-tax return. See how both can apply to one LLC structure.","141","https://www.form5472prep.com/blog/form-5472-vs-1120-f","true","index, follow","","1","Form 5472 vs Form 1120-F for a Foreign Corporation-Owned LLC","1349","BlogPosting;Organization;BreadcrumbList;FAQPage","141","Form 5472 is a related-party disclosure; Form 1120-F is a foreign corporation income-tax return. See how both can apply to one LLC structure."
"https://www.form5472prep.com/blog/form-5472-vs-form-5471","true","200","","2","7","false","Form 5472 vs Form 5471 Difference · Form5472 Prep","49","Form 5472 and Form 5471 report opposite ownership directions. See who files each form, penalties, due dates and a decision tree.","128","https://www.form5472prep.com/blog/form-5472-vs-form-5471","true","index, follow","","1","Form 5472 vs Form 5471 Difference","2240","BlogPosting;Organization;BreadcrumbList;FAQPage;HowTo","128","Form 5472 and Form 5471 report opposite ownership directions. See who files each form, penalties, due dates and a decision tree."
"https://www.form5472prep.com/blog/form-5472-white-label-vs-standard-partner","true","200","","2","6","false","White-Label vs Standard Form 5472 Partner Delivery · Form5472 Prep","66","Compare standard and white-label Form 5472 partner delivery by branding, client communication, setup, billing, and operational control.","135","https://www.form5472prep.com/blog/form-5472-white-label-vs-standard-partner","true","index, follow","","1","White-Label vs Standard Form 5472 Partner Delivery","1107","BlogPosting;Organization;BreadcrumbList","135","Compare standard and white-label Form 5472 partner delivery by branding, client communication, setup, billing, and operational control."
"https://www.form5472prep.com/blog/form-5472-youtube-creators-influencers","true","200","","2","7","false","Form 5472 for YouTube Creators and Influencers · Form5472 Prep","62","YouTube and brand revenue usually stays off Form 5472, but creator draws and owner-paid costs do not. See the records and worked examples.","138","https://www.form5472prep.com/blog/form-5472-youtube-creators-influencers","true","index, follow","","1","Form 5472 for YouTube Creators and Influencers","2235","BlogPosting;Organization;BreadcrumbList;FAQPage;HowTo","138","YouTube and brand revenue usually stays off Form 5472, but creator draws and owner-paid costs do not. See the records and worked examples."
"https://www.form5472prep.com/blog/form-8832-election-foreign-owned-llc","true","200","","2","9","false","Form 8832 Election for a Foreign-Owned LLC · Form5472 Prep","58","Form 8832 can make a foreign-owned LLC taxable as a corporation. Learn the defaults, timing limits, filing steps and Form 5472 effect.","134","https://www.form5472prep.com/blog/form-8832-election-foreign-owned-llc","true","index, follow","","1","Form 8832 Election for a Foreign-Owned LLC","2493","BlogPosting;Organization;BreadcrumbList;FAQPage;HowTo","134","Form 8832 can make a foreign-owned LLC taxable as a corporation. Learn the defaults, timing limits, filing steps and Form 5472 effect."
"https://www.form5472prep.com/blog/how-to-fax-form-5472-irs","true","200","","2","7","false","How to Fax Form 5472 to the IRS · Form5472 Prep","47","Fax Form 5472 and its pro forma Form 1120 at 300 DPI or higher to 855-887-7737, then retain a timestamped transmission receipt.","127","https://www.form5472prep.com/blog/how-to-fax-form-5472-irs","true","index, follow","","1","How to Fax Form 5472 to the IRS","1902","BlogPosting;Organization;BreadcrumbList;FAQPage;HowTo","127","Fax Form 5472 and its pro forma Form 1120 at 300 DPI or higher to 855-887-7737, then retain a timestamped transmission receipt."
"https://www.form5472prep.com/blog/how-to-fill-out-form-5472","true","200","","2","18","false","Form 5472: How to Fill It Out Part by Part · Form5472 Prep","58","A part-by-part walkthrough of Form 5472 and the pro forma 1120 — which boxes to complete, which to skip, and the errors that trigger the $25,000 penalty.","153","https://www.form5472prep.com/blog/how-to-fill-out-form-5472","true","index, follow","","1","Form 5472: How to Fill It Out Part by Part","3101","BlogPosting;Organization;BreadcrumbList;FAQPage;HowTo","153","A part-by-part walkthrough of Form 5472 and the pro forma 1120 — which boxes to complete, which to skip, and the errors that trigger the"
"https://www.form5472prep.com/blog/how-to-fill-out-form-ss-4-foreign-owned-llc","true","200","","2","7","false","How to Fill Out Form SS-4 for a Foreign-Owned LLC · Form5472 Prep","65","Complete Form SS-4 line by line for a foreign-owned single-member LLC, including line 7b, entity type, common blanks and submission routes.","139","https://www.form5472prep.com/blog/how-to-fill-out-form-ss-4-foreign-owned-llc","true","index, follow","","1","How to Fill Out Form SS-4 for a Foreign-Owned LLC","2567","BlogPosting;Organization;BreadcrumbList;FAQPage;HowTo","139","Complete Form SS-4 line by line for a foreign-owned single-member LLC, including line 7b, entity type, common blanks and submission routes."
"https://www.form5472prep.com/blog/how-to-fill-out-form-w-7-nonresident-llc-owner","true","200","","2","8","false","How to Fill Out Form W-7 as a Nonresident LLC Owner · Form5472 Prep","67","Fill out Form W-7 correctly as a nonresident LLC owner: choose the right reason, match your documents, and submit a complete ITIN package.","138","https://www.form5472prep.com/blog/how-to-fill-out-form-w-7-nonresident-llc-owner","true","index, follow","","1","How to Fill Out Form W-7 as a Nonresident LLC Owner","2508","BlogPosting;Organization;BreadcrumbList;FAQPage;HowTo","138","Fill out Form W-7 correctly as a nonresident LLC owner: choose the right reason, match your documents, and submit a complete ITIN package."
"https://www.form5472prep.com/blog/irs-official-exchange-rate-form-5472","true","200","","2","183","false","Does the IRS Have an Official Exchange Rate? (Form 5472) · Form5472 Prep","72","No. The IRS says it has no official rate and accepts any posted rate used consistently. Compare the IRS, Treasury and Federal Reserve rates for Form 5472.","154","https://www.form5472prep.com/blog/irs-official-exchange-rate-form-5472","true","index, follow","","1","Does the IRS Have an Official Exchange Rate? (Form 5472)","2409","BlogPosting;Organization;BreadcrumbList;FAQPage;HowTo","154","No. The IRS says it has no official rate and accepts any posted rate used consistently. Compare the IRS, Treasury and Federal Reserve rates for"
"https://www.form5472prep.com/blog/irsn-vs-itin-rejected-w7","true","200","","2","6","false","IRSN vs ITIN: What a Temporary IRS Number Means · Form5472 Prep","63","An IRSN is not an ITIN. Learn why the IRS may process a return under a temporary number after a W-7 rejection and what to disclose when reapplying.","147","https://www.form5472prep.com/blog/irsn-vs-itin-rejected-w7","true","index, follow","","1","IRSN vs ITIN: What a Temporary IRS Number Means","1239","BlogPosting;Organization;BreadcrumbList;FAQPage","147","An IRSN is not an ITIN. Learn why the IRS may process a return under a temporary number after a W-7 rejection and what to"
"https://www.form5472prep.com/blog/itin-application-checklist-nonresidents","true","200","","2","6","false","ITIN Application Checklist for Non-Residents · Form5472 Prep","60","Use this ITIN application checklist to confirm eligibility, Form W-7 documents, tax-return requirements, passport options, and the next step.","141","https://www.form5472prep.com/blog/itin-application-checklist-nonresidents","true","index, follow","","1","ITIN Application Checklist for Non-Residents","1089","BlogPosting;Organization;BreadcrumbList","141","Use this ITIN application checklist to confirm eligibility, Form W-7 documents, tax-return requirements, passport options, and the next step."
"https://www.form5472prep.com/blog/itin-application-rejected-cp567-cp566","true","200","","2","7","false","ITIN Application Rejected? Fix CP567 or CP566 · Form5472 Prep","61","CP566 asks for more information; CP567 rejects an ITIN application. Diagnose the notice, repair the package, and respond or reapply correctly.","142","https://www.form5472prep.com/blog/itin-application-rejected-cp567-cp566","true","index, follow","","1","ITIN Application Rejected? Fix CP567 or CP566","2500","BlogPosting;Organization;BreadcrumbList;FAQPage","142","CP566 asks for more information; CP567 rejects an ITIN application. Diagnose the notice, repair the package, and respond or reapply correctly."
"https://www.form5472prep.com/blog/itin-caa-vs-mail-vs-tac","true","200","","2","8","false","CAA vs Mailing Your Passport vs an IRS ITIN Appointment · Form5472 Prep","71","Compare three ITIN application routes: a Certifying Acceptance Agent, direct IRS mail, and a Taxpayer Assistance Center appointment.","132","https://www.form5472prep.com/blog/itin-caa-vs-mail-vs-tac","true","index, follow","","1","CAA vs Mailing Your Passport vs an IRS ITIN Appointment","976","BlogPosting;Organization;BreadcrumbList","132","Compare three ITIN application routes: a Certifying Acceptance Agent, direct IRS mail, and a Taxpayer Assistance Center appointment."
"https://www.form5472prep.com/blog/itin-cost-irs-fee-caa-service","true","200","","2","6","false","How Much Does an ITIN Cost? IRS Fee vs CAA Service · Form5472 Prep","66","The IRS charges no ITIN issuance fee. Compare free application routes with a $349 CAA service and see what professional ITIN help should include.","145","https://www.form5472prep.com/blog/itin-cost-irs-fee-caa-service","true","index, follow","","1","How Much Does an ITIN Cost? IRS Fee vs CAA Service","1026","BlogPosting;Organization;BreadcrumbList","145","The IRS charges no ITIN issuance fee. Compare free application routes with a $349 CAA service and see what professional ITIN help should include."
"https://www.form5472prep.com/blog/itin-name-change-marriage-passport","true","200","","2","5","false","ITIN Name Changes: Marriage, Passport Updates, and Renewal · Form5472 Prep","74","Separate an ITIN name correction from renewal after marriage or a passport update. Check legal-name evidence, prior ITIN details, and Form W-7 consistency.","155","https://www.form5472prep.com/blog/itin-name-change-marriage-passport","true","index, follow","","1","ITIN Name Changes: Marriage, Passport Updates, and Renewal","1215","BlogPosting;Organization;BreadcrumbList;FAQPage","155","Separate an ITIN name correction from renewal after marriage or a passport update. Check legal-name evidence, prior ITIN details, and Form W-7 consistency."
"https://www.form5472prep.com/blog/itin-nonresident-rental-property","true","200","","2","6","false","ITIN for Non-Resident Owners of US Rental Property · Form5472 Prep","66","Learn when a non-resident landlord may need an ITIN, how Form 1040-NR and the section 871(d) election fit, and what a Form W-7 package requires.","144","https://www.form5472prep.com/blog/itin-nonresident-rental-property","true","index, follow","","1","ITIN for Non-Resident Owners of US Rental Property","1113","BlogPosting;Organization;BreadcrumbList","144","Learn when a non-resident landlord may need an ITIN, how Form 1040-NR and the section 871(d) election fit, and what a Form W-7 package requires."
"https://www.form5472prep.com/blog/itin-nonresident-spouse-joint-return-w7","true","200","","2","5","false","ITIN for a Nonresident Spouse Filing a Joint Return: Form W-7 Package · Form5472 Prep","85","Learn what belongs in a nonresident spouse's ITIN package when a joint federal return and Form W-7 are appropriate, and where personal tax advice is needed.","156","https://www.form5472prep.com/blog/itin-nonresident-spouse-joint-return-w7","true","index, follow","","1","ITIN for a Nonresident Spouse Filing a Joint Return: Form W-7 Package","1296","BlogPosting;Organization;BreadcrumbList;FAQPage","156","Learn what belongs in a nonresident spouse's ITIN package when a joint federal return and Form W-7 are appropriate, and where personal tax advice is"
"https://www.form5472prep.com/blog/itin-processing-time-status-delays","true","200","","2","6","false","How Long Does an ITIN Take? Processing Time and Delays · Form5472 Prep","70","See the current IRS ITIN processing window, what the status page means, when to follow up, and how to prevent avoidable Form W-7 delays.","136","https://www.form5472prep.com/blog/itin-processing-time-status-delays","true","index, follow","","1","How Long Does an ITIN Take? Processing Time and Delays","1018","BlogPosting;Organization;BreadcrumbList","136","See the current IRS ITIN processing window, what the status page means, when to follow up, and how to prevent avoidable Form W-7 delays."
"https://www.form5472prep.com/blog/itin-refund-30-percent-withholding-1042-s","true","200","","2","6","false","How to Refund 30% Withholding on Form 1042-S · Form5472 Prep","60","A 30% Form 1042-S withholding entry is refundable only when it exceeds the correct US tax. Learn the Form 1040-NR and ITIN claim process.","137","https://www.form5472prep.com/blog/itin-refund-30-percent-withholding-1042-s","true","index, follow","","1","How to Refund 30% Withholding on Form 1042-S","2570","BlogPosting;Organization;BreadcrumbList;FAQPage;HowTo","137","A 30% Form 1042-S withholding entry is refundable only when it exceeds the correct US tax. Learn the Form 1040-NR and ITIN claim process."
"https://www.form5472prep.com/blog/itin-renewal-expired-itin-what-to-do","true","200","","2","7","false","ITIN Expired? How to Renew It · Form5472 Prep","45","An ITIN expires after three tax years of non-use. Check your last-use year, learn when renewal is needed, and submit the right W-7 package.","139","https://www.form5472prep.com/blog/itin-renewal-expired-itin-what-to-do","true","index, follow","","1","ITIN Expired? How to Renew It","2420","BlogPosting;Organization;BreadcrumbList;FAQPage;HowTo","139","An ITIN expires after three tax years of non-use. Check your last-use year, learn when renewal is needed, and submit the right W-7 package."
"https://www.form5472prep.com/blog/itin-required-form-5472","true","200","","2","25","false","Do You Need an ITIN to File Form 5472? The 2026 Answer · Form5472 Prep","70","A foreign owner usually does not need an ITIN solely to file Form 5472. The LLC needs an EIN; the owner can use an FTIN and reference ID.","137","https://www.form5472prep.com/blog/itin-required-form-5472","true","index, follow","","1","Do You Need an ITIN to File Form 5472? The 2026 Answer","1053","BlogPosting;Organization;BreadcrumbList;FAQPage","137","A foreign owner usually does not need an ITIN solely to file Form 5472. The LLC needs an EIN; the owner can use an FTIN"
"https://www.form5472prep.com/blog/itin-without-passport-alternative-documents","true","200","","2","5","false","Can You Apply for an ITIN Without a Valid Passport? · Form5472 Prep","67","A valid passport is not the only ITIN document route. Compare alternative identity documents, expired-passport limits, certified copies, and CAA assistance.","156","https://www.form5472prep.com/blog/itin-without-passport-alternative-documents","true","index, follow","","1","Can You Apply for an ITIN Without a Valid Passport?","1232","BlogPosting;Organization;BreadcrumbList;FAQPage","156","A valid passport is not the only ITIN document route. Compare alternative identity documents, expired-passport limits, certified copies, and CAA assistance."
"https://www.form5472prep.com/blog/kuala-lumpur-digital-nomad-cross-year-tax-records","true","200","","2","6","false","Kuala Lumpur Digital Nomads: Keep Tax Records Across December 31 · Form5472 Prep","80","A cross-year travel-log example for Kuala Lumpur digital nomads with U.S. LLCs. Separate Malaysian residency review from the LLC's annual Form 5472 file.","153","https://www.form5472prep.com/blog/kuala-lumpur-digital-nomad-cross-year-tax-records","true","index, follow","","1","Kuala Lumpur Digital Nomads: Keep Tax Records Across December 31","940","BlogPosting;Organization;BreadcrumbList;FAQPage","153","A cross-year travel-log example for Kuala Lumpur digital nomads with U.S. LLCs. Separate Malaysian residency review from the LLC's annual Form 5472 file."
"https://www.form5472prep.com/blog/lisbon-digital-nomad-us-llc-accountant-handoff","true","200","","2","6","false","Moving to Lisbon With a U.S. LLC: Your Accountant Handoff · Form5472 Prep","73","A two-country records checklist for digital nomads moving to Lisbon with a U.S. LLC: residency dates, owner transfers, and Form 5472 preparation.","145","https://www.form5472prep.com/blog/lisbon-digital-nomad-us-llc-accountant-handoff","true","index, follow","","1","Moving to Lisbon With a U.S. LLC: Your Accountant Handoff","1027","BlogPosting;Organization;BreadcrumbList;FAQPage","145","A two-country records checklist for digital nomads moving to Lisbon with a U.S. LLC: residency dates, owner transfers, and Form 5472 preparation."
"https://www.form5472prep.com/blog/llc-annual-report-late-fees-by-state","true","200","","2","10","false","Missed Your LLC Annual Report? Late Fees in 10 States · Form5472 Prep","69","Late state fees for foreign-owned LLCs, sourced: Delaware's $200 penalty, Florida's $400 charge, Wyoming's 60-day dissolution rule and seven more states.","153","https://www.form5472prep.com/blog/llc-annual-report-late-fees-by-state","true","index, follow","","1","Missed Your LLC Annual Report? Late Fees in 10 States","2498","BlogPosting;Organization;BreadcrumbList;FAQPage;HowTo","153","Late state fees for foreign-owned LLCs, sourced: Delaware's $200 penalty, Florida's $400 charge, Wyoming's 60-day dissolution rule and seven more states."
"https://www.form5472prep.com/blog/llc-vs-c-corp-non-resident-founders","true","200","","2","7","false","LLC vs C Corp for Non-Resident Founders · Form5472 Prep","55","An LLC is simpler for many bootstrapped non-US founders; a C corp often fits US venture funding. Compare tax, filings, dividends and exits.","139","https://www.form5472prep.com/blog/llc-vs-c-corp-non-resident-founders","true","index, follow","","1","LLC vs C Corp for Non-Resident Founders","2480","BlogPosting;Organization;BreadcrumbList;FAQPage","139","An LLC is simpler for many bootstrapped non-US founders; a C corp often fits US venture funding. Compare tax, filings, dividends and exits."
"https://www.form5472prep.com/blog/lost-ein-147c-letter-replacement","true","200","","2","8","false","Lost EIN Letter? How to Get Letter 147C · Form5472 Prep","55","Lost your CP575 EIN letter? Find the number in your records or request IRS Letter 147C by phone, with the correct route for foreign owners.","139","https://www.form5472prep.com/blog/lost-ein-147c-letter-replacement","true","index, follow","","1","Lost EIN Letter? How to Get Letter 147C","2450","BlogPosting;Organization;BreadcrumbList;FAQPage;HowTo","139","Lost your CP575 EIN letter? Find the number in your records or request IRS Letter 147C by phone, with the correct route for foreign owners."
"https://www.form5472prep.com/blog/medellin-digital-nomad-rolling-365-day-tax-log","true","200","","2","6","false","Medellín Digital Nomads: The Rolling 365-Day Tax Log · Form5472 Prep","68","Colombia's presence test is not a January reset. Use a worked cross-year day count and keep your U.S. LLC Form 5472 records on a separate track.","144","https://www.form5472prep.com/blog/medellin-digital-nomad-rolling-365-day-tax-log","true","index, follow","","1","Medellín Digital Nomads: The Rolling 365-Day Tax Log","923","BlogPosting;Organization;BreadcrumbList;FAQPage","144","Colombia's presence test is not a January reset. Use a worked cross-year day count and keep your U.S. LLC Form 5472 records on a separate"
"https://www.form5472prep.com/blog/mexico-city-digital-nomad-us-llc-work-location-log","true","200","","2","6","false","Mexico City Digital Nomads: Keep a U.S. LLC Work-Location Log · Form5472 Prep","77","U.S. clients and a U.S. bank do not show where services happened. Use this Mexico City work-location log to prepare a clearer cross-border tax file.","148","https://www.form5472prep.com/blog/mexico-city-digital-nomad-us-llc-work-location-log","true","index, follow","","1","Mexico City Digital Nomads: Keep a U.S. LLC Work-Location Log","1003","BlogPosting;Organization;BreadcrumbList;FAQPage","148","U.S. clients and a U.S. bank do not show where services happened. Use this Mexico City work-location log to prepare a clearer cross-border tax file."
"https://www.form5472prep.com/blog/multi-member-llc-form-5472-or-1065","true","200","","2","11","false","Multi-Member LLC with Foreign Owners: 5472 or 1065? · Form5472 Prep","67","A 2-member LLC defaults to a partnership and files Form 1065, not Form 5472. See when the switch happens and which structures bring back Form 5472.","147","https://www.form5472prep.com/blog/multi-member-llc-form-5472-or-1065","true","index, follow","","1","Multi-Member LLC with Foreign Owners: 5472 or 1065?","2294","BlogPosting;Organization;BreadcrumbList;FAQPage;HowTo","147","A 2-member LLC defaults to a partnership and files Form 1065, not Form 5472. See when the switch happens and which structures bring back Form"
"https://www.form5472prep.com/blog/multiple-related-parties-form-5472","true","200","","2","14","false","Form 5472: How Many Forms for Related Parties? · Form5472 Prep","62","File a separate Form 5472 for each related party with reportable transactions, all attached to the reporting entity’s return.","125","https://www.form5472prep.com/blog/multiple-related-parties-form-5472","true","index, follow","","1","Form 5472: How Many Forms for Related Parties?","943","BlogPosting;Organization;BreadcrumbList;FAQPage;HowTo","125","File a separate Form 5472 for each related party with reportable transactions, all attached to the reporting entity’s return."
"https://www.form5472prep.com/blog/nevada-llc-foreign-owner-tax-filing","true","200","","2","7","false","Nevada LLC Non-Resident Annual Fees and Filings · Form5472 Prep","63","A Nevada LLC needs an annual list and business license renewal, while foreign owners may also owe Form 5472. See the complete checklist.","136","https://www.form5472prep.com/blog/nevada-llc-foreign-owner-tax-filing","true","index, follow","","1","Nevada LLC Non-Resident Annual Fees and Filings","2260","BlogPosting;Organization;BreadcrumbList;FAQPage","136","A Nevada LLC needs an annual list and business license renewal, while foreign owners may also owe Form 5472. See the complete checklist."
"https://www.form5472prep.com/blog/new-ein-llc-ownership-structure-change","true","200","","2","8","false","New EIN Rules After LLC Ownership or Structure Changes · Form5472 Prep","70","Use the IRS LLC rules to distinguish changes that may require a new EIN from name, address, responsible-party, and tax-election updates that usually do not.","156","https://www.form5472prep.com/blog/new-ein-llc-ownership-structure-change","true","index, follow","","1","New EIN Rules After LLC Ownership or Structure Changes","2083","BlogPosting;Organization;BreadcrumbList","156","Use the IRS LLC rules to distinguish changes that may require a new EIN from name, address, responsible-party, and tax-election updates that usually do not."
"https://www.form5472prep.com/blog/new-mexico-llc-foreign-owner-tax-filing","true","200","","2","8","false","New Mexico LLC Non-Resident Annual Requirements · Form5472 Prep","63","A New Mexico LLC has no annual report, but a foreign owner may still need Form 5472. See the state, federal, and nexus checklist.","129","https://www.form5472prep.com/blog/new-mexico-llc-foreign-owner-tax-filing","true","index, follow","","1","New Mexico LLC Non-Resident Annual Requirements","2509","BlogPosting;Organization;BreadcrumbList;FAQPage","129","A New Mexico LLC has no annual report, but a foreign owner may still need Form 5472. See the state, federal, and nexus checklist."
"https://www.form5472prep.com/blog/offer-form-5472-filing-as-a-service","true","200","","2","5","false","How to Offer Form 5472 Filing as a Service to Your Clients · Form5472 Prep","74","Scope, price and describe a Form 5472 filing service for your own clients. Worked per-filing arithmetic on our $149 fee, and what to leave out.","143","https://www.form5472prep.com/blog/offer-form-5472-filing-as-a-service","true","index, follow","","1","How to Offer Form 5472 Filing as a Service to Your Clients","2244","BlogPosting;Organization;BreadcrumbList;FAQPage;HowTo","143","Scope, price and describe a Form 5472 filing service for your own clients. Worked per-filing arithmetic on our $149 fee, and what to leave out."
"https://www.form5472prep.com/blog/oregon-llc-foreign-owner-tax-filing","true","200","","2","5","false","Oregon LLC Foreign Owner Tax Filing Requirements · Form5472 Prep","64","A foreign owner of an Oregon LLC may need an annual report, Oregon CAT review, and the separate federal Form 5472 information return.","133","https://www.form5472prep.com/blog/oregon-llc-foreign-owner-tax-filing","true","index, follow","","1","Oregon LLC Foreign Owner Tax Filing Requirements","1254","BlogPosting;Organization;BreadcrumbList;FAQPage","133","A foreign owner of an Oregon LLC may need an annual report, Oregon CAT review, and the separate federal Form 5472 information return."
"https://www.form5472prep.com/blog/pay-yourself-from-us-llc-non-resident","true","200","","2","6","false","How to Pay Yourself From a US LLC as a Non-Resident · Form5472 Prep","67","A non-resident owner takes distributions, not a salary. How each way of moving money is characterised and exactly where it lands on Form 5472.","142","https://www.form5472prep.com/blog/pay-yourself-from-us-llc-non-resident","true","index, follow","","1","How to Pay Yourself From a US LLC as a Non-Resident","2464","BlogPosting;Organization;BreadcrumbList;FAQPage;HowTo","142","A non-resident owner takes distributions, not a salary. How each way of moving money is characterised and exactly where it lands on Form 5472."
"https://www.form5472prep.com/blog/pro-forma-form-1120-foreign-owned-llc","true","200","","2","10","false","Pro Forma Form 1120 for a Foreign-Owned LLC · Form5472 Prep","59","A foreign-owned disregarded LLC attaches Form 5472 to a limited pro forma Form 1120 marked Foreign-owned U.S. DE. Learn what that means.","136","https://www.form5472prep.com/blog/pro-forma-form-1120-foreign-owned-llc","true","index, follow","","1","Pro Forma Form 1120 for a Foreign-Owned LLC","2486","BlogPosting;Organization;BreadcrumbList;FAQPage;HowTo","136","A foreign-owned disregarded LLC attaches Form 5472 to a limited pro forma Form 1120 marked Foreign-owned U.S. DE. Learn what that means."
"https://www.form5472prep.com/blog/registered-agent-foreign-owned-llc","true","200","","2","4","false","Registered Agent for a Foreign-Owned LLC: What's Required · Form5472 Prep","73","Every US LLC needs a registered agent with a state address. Here's why a non-resident owner usually can't act as their own, and what the role doesn't do.","153","https://www.form5472prep.com/blog/registered-agent-foreign-owned-llc","true","index, follow","","1","Registered Agent for a Foreign-Owned LLC: What's Required","1933","BlogPosting;Organization;BreadcrumbList;FAQPage;HowTo","153","Every US LLC needs a registered agent with a state address. Here's why a non-resident owner usually can't act as their own, and what the"
"https://www.form5472prep.com/blog/sales-tax-nexus-foreign-owned-llc","true","200","","2","5","false","Sales Tax Nexus for a Foreign-Owned LLC Selling in the US · Form5472 Prep","73","US sales tax is a state-by-state nexus question, not a federal one. How economic nexus, warehouses, and marketplace laws affect a foreign-owned LLC.","148","https://www.form5472prep.com/blog/sales-tax-nexus-foreign-owned-llc","true","index, follow","","1","Sales Tax Nexus for a Foreign-Owned LLC Selling in the US","2489","BlogPosting;Organization;BreadcrumbList;FAQPage","148","US sales tax is a state-by-state nexus question, not a federal one. How economic nexus, warehouses, and marketplace laws affect a foreign-owned LLC."
"https://www.form5472prep.com/blog/single-member-llc-operating-agreement-foreign-owner","true","200","","2","4","false","Operating Agreement for a Foreign-Owned Single-Member LLC · Form5472 Prep","73","No US state makes you file an operating agreement, but banks and Form 5472 records often need one. What it should cover and what it doesn't change.","147","https://www.form5472prep.com/blog/single-member-llc-operating-agreement-foreign-owner","true","index, follow","","1","Operating Agreement for a Foreign-Owned Single-Member LLC","2106","BlogPosting;Organization;BreadcrumbList;FAQPage","147","No US state makes you file an operating agreement, but banks and Form 5472 records often need one. What it should cover and what it"
"https://www.form5472prep.com/blog/stripe-atlas-doola-firstbase-form-5472","true","200","","2","7","false","Formed With Stripe Atlas, doola or Firstbase? Who Files Your Form 5472 · Form5472 Prep","86","Your formation service formed the LLC. Whether it also files Form 5472 depends on the plan you bought. What each provider's own pages say, checked today.","153","https://www.form5472prep.com/blog/stripe-atlas-doola-firstbase-form-5472","true","index, follow","","1","Formed With Stripe Atlas, doola or Firstbase? Who Files Your Form 5472","2366","BlogPosting;Organization;BreadcrumbList;FAQPage;HowTo","153","Your formation service formed the LLC. Whether it also files Form 5472 depends on the plan you bought. What each provider's own pages say, checked"
"https://www.form5472prep.com/blog/stripe-paypal-wise-form-5472","true","200","","2","13","false","Form 5472 for Stripe, PayPal, and Wise Activity · Form5472 Prep","63","Stripe, PayPal and Wise activity is not automatically reportable on Form 5472. The key is whether the transaction involved a related party.","139","https://www.form5472prep.com/blog/stripe-paypal-wise-form-5472","true","index, follow","","1","Form 5472 for Stripe, PayPal, and Wise Activity","1974","BlogPosting;Organization;BreadcrumbList;FAQPage;HowTo","139","Stripe, PayPal and Wise activity is not automatically reportable on Form 5472. The key is whether the transaction involved a related party."
"https://www.form5472prep.com/blog/tax-extension-without-itin","true","200","","2","6","false","No ITIN Yet? File an Extension and Pay Tax Anyway · Form5472 Prep","65","You can request a federal tax extension and make estimated payments without an ITIN. Learn which forms to use and why Form W-7 stays separate.","142","https://www.form5472prep.com/blog/tax-extension-without-itin","true","index, follow","","1","No ITIN Yet? File an Extension and Pay Tax Anyway","1205","BlogPosting;Organization;BreadcrumbList;FAQPage;HowTo","142","You can request a federal tax extension and make estimated payments without an ITIN. Learn which forms to use and why Form W-7 stays separate."
"https://www.form5472prep.com/blog/tbilisi-digital-nomad-georgian-ie-us-llc-records","true","200","","2","6","false","Tbilisi Digital Nomads: Georgian IE and U.S. LLC Records Must Agree · Form5472 Prep","83","Using a Georgian individual entrepreneur registration alongside a U.S. LLC? Map contracts, account ownership, and related-party transfers before filing.","152","https://www.form5472prep.com/blog/tbilisi-digital-nomad-georgian-ie-us-llc-records","true","index, follow","","1","Tbilisi Digital Nomads: Georgian IE and U.S. LLC Records Must Agree","968","BlogPosting;Organization;BreadcrumbList;FAQPage","152","Using a Georgian individual entrepreneur registration alongside a U.S. LLC? Map contracts, account ownership, and related-party transfers before filing."
"https://www.form5472prep.com/blog/texas-llc-foreign-owner-tax-filing","true","200","","2","6","false","Texas LLC Filing Checklist for Foreign Owners (2026) · Form5472 Prep","68","A foreign-owned Texas LLC may need a 2026 PIR, Texas franchise-tax reporting, and federal Form 5472 with a pro forma Form 1120.","127","https://www.form5472prep.com/blog/texas-llc-foreign-owner-tax-filing","true","index, follow","","1","Texas LLC Filing Checklist for Foreign Owners (2026)","2314","BlogPosting;Organization;BreadcrumbList;FAQPage","127","A foreign-owned Texas LLC may need a 2026 PIR, Texas franchise-tax reporting, and federal Form 5472 with a pro forma Form 1120."
"https://www.form5472prep.com/blog/topics/1099-k","false","200","","3","1","false","1099 K guides · Form5472 Prep","29","1 practical guides on 1099 K for foreign-owned US LLC owners.","61","https://www.form5472prep.com/blog/topics/1099-k","true","noindex, follow","","1","1099 K guides","103","CollectionPage;BreadcrumbList","61","1 practical guides on 1099 K for foreign-owned US LLC owners."
"https://www.form5472prep.com/blog/topics/1099-nec","false","200","","3","1","false","1099 Nec guides · Form5472 Prep","31","1 practical guides on 1099 Nec for foreign-owned US LLC owners.","63","https://www.form5472prep.com/blog/topics/1099-nec","true","noindex, follow","","1","1099 Nec guides","97","CollectionPage;BreadcrumbList","63","1 practical guides on 1099 Nec for foreign-owned US LLC owners."
"https://www.form5472prep.com/blog/topics/accounting-firms","true","200","","3","3","false","Accounting Firms guides · Form5472 Prep","39","3 practical guides on Accounting Firms for foreign-owned US LLC owners.","71","https://www.form5472prep.com/blog/topics/accounting-firms","true","index, follow","","1","Accounting Firms guides","169","CollectionPage;BreadcrumbList","71","3 practical guides on Accounting Firms for foreign-owned US LLC owners."
"https://www.form5472prep.com/blog/topics/accrual-method","false","200","","3","1","false","Accrual Method guides · Form5472 Prep","37","1 practical guides on Accrual Method for foreign-owned US LLC owners.","69","https://www.form5472prep.com/blog/topics/accrual-method","true","noindex, follow","","1","Accrual Method guides","99","CollectionPage;BreadcrumbList","69","1 practical guides on Accrual Method for foreign-owned US LLC owners."
"https://www.form5472prep.com/blog/topics/airbnb","false","200","","3","1","false","Airbnb guides · Form5472 Prep","29","1 practical guides on Airbnb for foreign-owned US LLC owners.","61","https://www.form5472prep.com/blog/topics/airbnb","true","noindex, follow","","1","Airbnb guides","96","CollectionPage;BreadcrumbList","61","1 practical guides on Airbnb for foreign-owned US LLC owners."
"https://www.form5472prep.com/blog/topics/amazon-fba","false","200","","3","1","false","Amazon FBA guides · Form5472 Prep","33","1 practical guides on Amazon FBA for foreign-owned US LLC owners.","65","https://www.form5472prep.com/blog/topics/amazon-fba","true","noindex, follow","","1","Amazon FBA guides","99","CollectionPage;BreadcrumbList","65","1 practical guides on Amazon FBA for foreign-owned US LLC owners."
"https://www.form5472prep.com/blog/topics/amazon-seller","false","200","","3","1","false","Amazon Seller guides · Form5472 Prep","36","1 practical guides on Amazon Seller for foreign-owned US LLC owners.","68","https://www.form5472prep.com/blog/topics/amazon-seller","true","noindex, follow","","1","Amazon Seller guides","98","CollectionPage;BreadcrumbList","68","1 practical guides on Amazon Seller for foreign-owned US LLC owners."
"https://www.form5472prep.com/blog/topics/amended-return","false","200","","3","1","false","Amended Return guides · Form5472 Prep","37","1 practical guides on Amended Return for foreign-owned US LLC owners.","69","https://www.form5472prep.com/blog/topics/amended-return","true","noindex, follow","","1","Amended Return guides","98","CollectionPage;BreadcrumbList","69","1 practical guides on Amended Return for foreign-owned US LLC owners."
"https://www.form5472prep.com/blog/topics/annual-fees","false","200","","3","1","false","Annual Fees guides · Form5472 Prep","34","1 practical guides on Annual Fees for foreign-owned US LLC owners.","66","https://www.form5472prep.com/blog/topics/annual-fees","true","noindex, follow","","1","Annual Fees guides","98","CollectionPage;BreadcrumbList","66","1 practical guides on Annual Fees for foreign-owned US LLC owners."
"https://www.form5472prep.com/blog/topics/annual-report","true","200","","3","3","false","Annual Report guides · Form5472 Prep","36","3 practical guides on Annual Report for foreign-owned US LLC owners.","68","https://www.form5472prep.com/blog/topics/annual-report","true","index, follow","","1","Annual Report guides","179","CollectionPage;BreadcrumbList","68","3 practical guides on Annual Report for foreign-owned US LLC owners."
"https://www.form5472prep.com/blog/topics/annual-requirements","false","200","","3","1","false","Annual Requirements guides · Form5472 Prep","42","1 practical guides on Annual Requirements for foreign-owned US LLC owners.","74","https://www.form5472prep.com/blog/topics/annual-requirements","true","noindex, follow","","1","Annual Requirements guides","99","CollectionPage;BreadcrumbList","74","1 practical guides on Annual Requirements for foreign-owned US LLC owners."
"https://www.form5472prep.com/blog/topics/argentina","false","200","","3","2","false","Argentina guides · Form5472 Prep","32","2 practical guides on Argentina for foreign-owned US LLC owners.","64","https://www.form5472prep.com/blog/topics/argentina","true","noindex, follow","","1","Argentina guides","142","CollectionPage;BreadcrumbList","64","2 practical guides on Argentina for foreign-owned US LLC owners."
"https://www.form5472prep.com/blog/topics/australia","false","200","","3","1","false","Australia guides · Form5472 Prep","32","1 practical guides on Australia for foreign-owned US LLC owners.","64","https://www.form5472prep.com/blog/topics/australia","true","noindex, follow","","1","Australia guides","98","CollectionPage;BreadcrumbList","64","1 practical guides on Australia for foreign-owned US LLC owners."
"https://www.form5472prep.com/blog/topics/bali","false","200","","3","1","false","Bali guides · Form5472 Prep","27","1 practical guides on Bali for foreign-owned US LLC owners.","59","https://www.form5472prep.com/blog/topics/bali","true","noindex, follow","","1","Bali guides","106","CollectionPage;BreadcrumbList","59","1 practical guides on Bali for foreign-owned US LLC owners."
"https://www.form5472prep.com/blog/topics/bir-tin","false","200","","3","1","false","Bir Tin guides · Form5472 Prep","30","1 practical guides on Bir Tin for foreign-owned US LLC owners.","62","https://www.form5472prep.com/blog/topics/bir-tin","true","noindex, follow","","1","Bir Tin guides","107","CollectionPage;BreadcrumbList","62","1 practical guides on Bir Tin for foreign-owned US LLC owners."
"https://www.form5472prep.com/blog/topics/boi","false","200","","3","2","false","BOI guides · Form5472 Prep","26","2 practical guides on BOI for foreign-owned US LLC owners.","58","https://www.form5472prep.com/blog/topics/boi","true","noindex, follow","","1","BOI guides","134","CollectionPage;BreadcrumbList","58","2 practical guides on BOI for foreign-owned US LLC owners."
"https://www.form5472prep.com/blog/topics/bookkeeping","false","200","","3","1","false","Bookkeeping guides · Form5472 Prep","34","1 practical guides on Bookkeeping for foreign-owned US LLC owners.","66","https://www.form5472prep.com/blog/topics/bookkeeping","true","noindex, follow","","1","Bookkeeping guides","99","CollectionPage;BreadcrumbList","66","1 practical guides on Bookkeeping for foreign-owned US LLC owners."
"https://www.form5472prep.com/blog/topics/brazil","false","200","","3","1","false","Brazil guides · Form5472 Prep","29","1 practical guides on Brazil for foreign-owned US LLC owners.","61","https://www.form5472prep.com/blog/topics/brazil","true","noindex, follow","","1","Brazil guides","97","CollectionPage;BreadcrumbList","61","1 practical guides on Brazil for foreign-owned US LLC owners."
"https://www.form5472prep.com/blog/topics/business-address","false","200","","3","2","false","Business Address guides · Form5472 Prep","39","2 practical guides on Business Address for foreign-owned US LLC owners.","71","https://www.form5472prep.com/blog/topics/business-address","true","noindex, follow","","1","Business Address guides","134","CollectionPage;BreadcrumbList","71","2 practical guides on Business Address for foreign-owned US LLC owners."
"https://www.form5472prep.com/blog/topics/business-and-occupation-tax","false","200","","3","1","false","Business And Occupation Tax guides · Form5472 Prep","50","1 practical guides on Business And Occupation Tax for foreign-owned US LLC owners.","82","https://www.form5472prep.com/blog/topics/business-and-occupation-tax","true","noindex, follow","","1","Business And Occupation Tax guides","103","CollectionPage;BreadcrumbList","82","1 practical guides on Business And Occupation Tax for foreign-owned US LLC owners."
"https://www.form5472prep.com/blog/topics/business-structure","false","200","","3","1","false","Business Structure guides · Form5472 Prep","41","1 practical guides on Business Structure for foreign-owned US LLC owners.","73","https://www.form5472prep.com/blog/topics/business-structure","true","noindex, follow","","1","Business Structure guides","102","CollectionPage;BreadcrumbList","73","1 practical guides on Business Structure for foreign-owned US LLC owners."
"https://www.form5472prep.com/blog/topics/business-tax-id","false","200","","3","1","false","Business Tax Id guides · Form5472 Prep","38","1 practical guides on Business Tax Id for foreign-owned US LLC owners.","70","https://www.form5472prep.com/blog/topics/business-tax-id","true","noindex, follow","","1","Business Tax Id guides","99","CollectionPage;BreadcrumbList","70","1 practical guides on Business Tax Id for foreign-owned US LLC owners."
"https://www.form5472prep.com/blog/topics/c-corporation","false","200","","3","2","false","C Corporation guides · Form5472 Prep","36","2 practical guides on C Corporation for foreign-owned US LLC owners.","68","https://www.form5472prep.com/blog/topics/c-corporation","true","noindex, follow","","1","C Corporation guides","137","CollectionPage;BreadcrumbList","68","2 practical guides on C Corporation for foreign-owned US LLC owners."
"https://www.form5472prep.com/blog/topics/caa","true","200","","3","5","false","CAA guides · Form5472 Prep","26","5 practical guides on CAA for foreign-owned US LLC owners.","58","https://www.form5472prep.com/blog/topics/caa","true","index, follow","","1","CAA guides","252","CollectionPage;BreadcrumbList","58","5 practical guides on CAA for foreign-owned US LLC owners."
"https://www.form5472prep.com/blog/topics/california-llc","false","200","","3","1","false","California LLC guides · Form5472 Prep","37","1 practical guides on California LLC for foreign-owned US LLC owners.","69","https://www.form5472prep.com/blog/topics/california-llc","true","noindex, follow","","1","California LLC guides","98","CollectionPage;BreadcrumbList","69","1 practical guides on California LLC for foreign-owned US LLC owners."
"https://www.form5472prep.com/blog/topics/canada-residents","false","200","","3","1","false","Canada Residents guides · Form5472 Prep","39","1 practical guides on Canada Residents for foreign-owned US LLC owners.","71","https://www.form5472prep.com/blog/topics/canada-residents","true","noindex, follow","","1","Canada Residents guides","107","CollectionPage;BreadcrumbList","71","1 practical guides on Canada Residents for foreign-owned US LLC owners."
"https://www.form5472prep.com/blog/topics/capital-contributions","false","200","","3","1","false","Capital Contributions guides · Form5472 Prep","44","1 practical guides on Capital Contributions for foreign-owned US LLC owners.","76","https://www.form5472prep.com/blog/topics/capital-contributions","true","noindex, follow","","1","Capital Contributions guides","91","CollectionPage;BreadcrumbList","76","1 practical guides on Capital Contributions for foreign-owned US LLC owners."
"https://www.form5472prep.com/blog/topics/cash-method","false","200","","3","1","false","Cash Method guides · Form5472 Prep","34","1 practical guides on Cash Method for foreign-owned US LLC owners.","66","https://www.form5472prep.com/blog/topics/cash-method","true","noindex, follow","","1","Cash Method guides","99","CollectionPage;BreadcrumbList","66","1 practical guides on Cash Method for foreign-owned US LLC owners."
"https://www.form5472prep.com/blog/topics/cfc","false","200","","3","1","false","Cfc guides · Form5472 Prep","26","1 practical guides on Cfc for foreign-owned US LLC owners.","58","https://www.form5472prep.com/blog/topics/cfc","true","noindex, follow","","1","Cfc guides","93","CollectionPage;BreadcrumbList","58","1 practical guides on Cfc for foreign-owned US LLC owners."
"https://www.form5472prep.com/blog/topics/checklist","false","200","","3","2","false","Checklist guides · Form5472 Prep","32","2 practical guides on Checklist for foreign-owned US LLC owners.","64","https://www.form5472prep.com/blog/topics/checklist","true","noindex, follow","","1","Checklist guides","136","CollectionPage;BreadcrumbList","64","2 practical guides on Checklist for foreign-owned US LLC owners."
"https://www.form5472prep.com/blog/topics/china","false","200","","3","1","false","China guides · Form5472 Prep","28","1 practical guides on China for foreign-owned US LLC owners.","60","https://www.form5472prep.com/blog/topics/china","true","noindex, follow","","1","China guides","96","CollectionPage;BreadcrumbList","60","1 practical guides on China for foreign-owned US LLC owners."
"https://www.form5472prep.com/blog/topics/coaches","false","200","","3","1","false","Coaches guides · Form5472 Prep","30","1 practical guides on Coaches for foreign-owned US LLC owners.","62","https://www.form5472prep.com/blog/topics/coaches","true","noindex, follow","","1","Coaches guides","98","CollectionPage;BreadcrumbList","62","1 practical guides on Coaches for foreign-owned US LLC owners."
"https://www.form5472prep.com/blog/topics/codice-fiscale","false","200","","3","1","false","Codice Fiscale guides · Form5472 Prep","37","1 practical guides on Codice Fiscale for foreign-owned US LLC owners.","69","https://www.form5472prep.com/blog/topics/codice-fiscale","true","noindex, follow","","1","Codice Fiscale guides","97","CollectionPage;BreadcrumbList","69","1 practical guides on Codice Fiscale for foreign-owned US LLC owners."
"https://www.form5472prep.com/blog/topics/colombia","false","200","","3","2","false","Colombia guides · Form5472 Prep","31","2 practical guides on Colombia for foreign-owned US LLC owners.","63","https://www.form5472prep.com/blog/topics/colombia","true","noindex, follow","","1","Colombia guides","144","CollectionPage;BreadcrumbList","63","2 practical guides on Colombia for foreign-owned US LLC owners."
"https://www.form5472prep.com/blog/topics/company-formation-agents","false","200","","3","1","false","Company Formation Agents guides · Form5472 Prep","47","1 practical guides on Company Formation Agents for foreign-owned US LLC owners.","79","https://www.form5472prep.com/blog/topics/company-formation-agents","true","noindex, follow","","1","Company Formation Agents guides","96","CollectionPage;BreadcrumbList","79","1 practical guides on Company Formation Agents for foreign-owned US LLC owners."
"https://www.form5472prep.com/blog/topics/comparison","false","200","","3","1","false","Comparison guides · Form5472 Prep","33","1 practical guides on Comparison for foreign-owned US LLC owners.","65","https://www.form5472prep.com/blog/topics/comparison","true","noindex, follow","","1","Comparison guides","93","CollectionPage;BreadcrumbList","65","1 practical guides on Comparison for foreign-owned US LLC owners."
"https://www.form5472prep.com/blog/topics/compliance","false","200","","3","2","false","Compliance guides · Form5472 Prep","33","2 practical guides on Compliance for foreign-owned US LLC owners.","65","https://www.form5472prep.com/blog/topics/compliance","true","noindex, follow","","1","Compliance guides","134","CollectionPage;BreadcrumbList","65","2 practical guides on Compliance for foreign-owned US LLC owners."
"https://www.form5472prep.com/blog/topics/compliance-calendar","false","200","","3","1","false","Compliance Calendar guides · Form5472 Prep","42","1 practical guides on Compliance Calendar for foreign-owned US LLC owners.","74","https://www.form5472prep.com/blog/topics/compliance-calendar","true","noindex, follow","","1","Compliance Calendar guides","101","CollectionPage;BreadcrumbList","74","1 practical guides on Compliance Calendar for foreign-owned US LLC owners."
"https://www.form5472prep.com/blog/topics/consultants","false","200","","3","1","false","Consultants guides · Form5472 Prep","34","1 practical guides on Consultants for foreign-owned US LLC owners.","66","https://www.form5472prep.com/blog/topics/consultants","true","noindex, follow","","1","Consultants guides","98","CollectionPage;BreadcrumbList","66","1 practical guides on Consultants for foreign-owned US LLC owners."
"https://www.form5472prep.com/blog/topics/corporate-owner","false","200","","3","1","false","Corporate Owner guides · Form5472 Prep","38","1 practical guides on Corporate Owner for foreign-owned US LLC owners.","70","https://www.form5472prep.com/blog/topics/corporate-owner","true","noindex, follow","","1","Corporate Owner guides","100","CollectionPage;BreadcrumbList","70","1 practical guides on Corporate Owner for foreign-owned US LLC owners."
"https://www.form5472prep.com/blog/topics/correction","false","200","","3","1","false","Correction guides · Form5472 Prep","33","1 practical guides on Correction for foreign-owned US LLC owners.","65","https://www.form5472prep.com/blog/topics/correction","true","noindex, follow","","1","Correction guides","96","CollectionPage;BreadcrumbList","65","1 practical guides on Correction for foreign-owned US LLC owners."
"https://www.form5472prep.com/blog/topics/cost","false","200","","3","1","false","Cost guides · Form5472 Prep","27","1 practical guides on Cost for foreign-owned US LLC owners.","59","https://www.form5472prep.com/blog/topics/cost","true","noindex, follow","","1","Cost guides","93","CollectionPage;BreadcrumbList","59","1 practical guides on Cost for foreign-owned US LLC owners."
"https://www.form5472prep.com/blog/topics/costa-rica","false","200","","3","1","false","Costa Rica guides · Form5472 Prep","33","1 practical guides on Costa Rica for foreign-owned US LLC owners.","65","https://www.form5472prep.com/blog/topics/costa-rica","true","noindex, follow","","1","Costa Rica guides","106","CollectionPage;BreadcrumbList","65","1 practical guides on Costa Rica for foreign-owned US LLC owners."
"https://www.form5472prep.com/blog/topics/course-creators","false","200","","3","1","false","Course Creators guides · Form5472 Prep","38","1 practical guides on Course Creators for foreign-owned US LLC owners.","70","https://www.form5472prep.com/blog/topics/course-creators","true","noindex, follow","","1","Course Creators guides","100","CollectionPage;BreadcrumbList","70","1 practical guides on Course Creators for foreign-owned US LLC owners."
"https://www.form5472prep.com/blog/topics/cp566","false","200","","3","1","false","Cp566 guides · Form5472 Prep","28","1 practical guides on Cp566 for foreign-owned US LLC owners.","60","https://www.form5472prep.com/blog/topics/cp566","true","noindex, follow","","1","Cp566 guides","93","CollectionPage;BreadcrumbList","60","1 practical guides on Cp566 for foreign-owned US LLC owners."
"https://www.form5472prep.com/blog/topics/cp567","false","200","","3","1","false","Cp567 guides · Form5472 Prep","28","1 practical guides on Cp567 for foreign-owned US LLC owners.","60","https://www.form5472prep.com/blog/topics/cp567","true","noindex, follow","","1","Cp567 guides","93","CollectionPage;BreadcrumbList","60","1 practical guides on Cp567 for foreign-owned US LLC owners."
"https://www.form5472prep.com/blog/topics/cp575","false","200","","3","1","false","Cp575 guides · Form5472 Prep","28","1 practical guides on Cp575 for foreign-owned US LLC owners.","60","https://www.form5472prep.com/blog/topics/cp575","true","noindex, follow","","1","Cp575 guides","99","CollectionPage;BreadcrumbList","60","1 practical guides on Cp575 for foreign-owned US LLC owners."
"https://www.form5472prep.com/blog/topics/cpf","false","200","","3","1","false","Cpf guides · Form5472 Prep","26","1 practical guides on Cpf for foreign-owned US LLC owners.","58","https://www.form5472prep.com/blog/topics/cpf","true","noindex, follow","","1","Cpf guides","97","CollectionPage;BreadcrumbList","58","1 practical guides on Cpf for foreign-owned US LLC owners."
"https://www.form5472prep.com/blog/topics/creator-economy","false","200","","3","1","false","Creator Economy guides · Form5472 Prep","38","1 practical guides on Creator Economy for foreign-owned US LLC owners.","70","https://www.form5472prep.com/blog/topics/creator-economy","true","noindex, follow","","1","Creator Economy guides","98","CollectionPage;BreadcrumbList","70","1 practical guides on Creator Economy for foreign-owned US LLC owners."
"https://www.form5472prep.com/blog/topics/croatia","false","200","","3","1","false","Croatia guides · Form5472 Prep","30","1 practical guides on Croatia for foreign-owned US LLC owners.","62","https://www.form5472prep.com/blog/topics/croatia","true","noindex, follow","","1","Croatia guides","102","CollectionPage;BreadcrumbList","62","1 practical guides on Croatia for foreign-owned US LLC owners."
"https://www.form5472prep.com/blog/topics/crypto","false","200","","3","1","false","Crypto guides · Form5472 Prep","29","1 practical guides on Crypto for foreign-owned US LLC owners.","61","https://www.form5472prep.com/blog/topics/crypto","true","noindex, follow","","1","Crypto guides","99","CollectionPage;BreadcrumbList","61","1 practical guides on Crypto for foreign-owned US LLC owners."
"https://www.form5472prep.com/blog/topics/customer-payments","false","200","","3","1","false","Customer Payments guides · Form5472 Prep","40","1 practical guides on Customer Payments for foreign-owned US LLC owners.","72","https://www.form5472prep.com/blog/topics/customer-payments","true","noindex, follow","","1","Customer Payments guides","95","CollectionPage;BreadcrumbList","72","1 practical guides on Customer Payments for foreign-owned US LLC owners."
"https://www.form5472prep.com/blog/topics/deadline","true","200","","2","5","false","Deadline guides · Form5472 Prep","31","5 practical guides on Deadline for foreign-owned US LLC owners.","63","https://www.form5472prep.com/blog/topics/deadline","true","index, follow","","1","Deadline guides","275","CollectionPage;BreadcrumbList","63","5 practical guides on Deadline for foreign-owned US LLC owners."
"https://www.form5472prep.com/blog/topics/delaware-llc","false","200","","3","2","false","Delaware LLC guides · Form5472 Prep","35","2 practical guides on Delaware LLC for foreign-owned US LLC owners.","67","https://www.form5472prep.com/blog/topics/delaware-llc","true","noindex, follow","","1","Delaware LLC guides","142","CollectionPage;BreadcrumbList","67","2 practical guides on Delaware LLC for foreign-owned US LLC owners."
"https://www.form5472prep.com/blog/topics/digital-nomad","true","200","","2","298","false","Digital Nomad guides · Form5472 Prep","36","18 practical guides on Digital Nomad for foreign-owned US LLC owners.","69","https://www.form5472prep.com/blog/topics/digital-nomad","true","index, follow","","1","Digital Nomad guides","833","CollectionPage;BreadcrumbList","69","18 practical guides on Digital Nomad for foreign-owned US LLC owners."
"https://www.form5472prep.com/blog/topics/digital-nomads","true","200","","3","3","false","Digital Nomads guides · Form5472 Prep","37","3 practical guides on Digital Nomads for foreign-owned US LLC owners.","69","https://www.form5472prep.com/blog/topics/digital-nomads","true","index, follow","","1","Digital Nomads guides","196","CollectionPage;BreadcrumbList","69","3 practical guides on Digital Nomads for foreign-owned US LLC owners."
"https://www.form5472prep.com/blog/topics/diirsp","false","200","","2","2","false","DIIRSP guides · Form5472 Prep","29","2 practical guides on DIIRSP for foreign-owned US LLC owners.","61","https://www.form5472prep.com/blog/topics/diirsp","true","noindex, follow","","1","DIIRSP guides","145","CollectionPage;BreadcrumbList","61","2 practical guides on DIIRSP for foreign-owned US LLC owners."
"https://www.form5472prep.com/blog/topics/disregarded-entity","true","200","","3","285","false","Disregarded Entity guides · Form5472 Prep","41","6 practical guides on Disregarded Entity for foreign-owned US LLC owners.","73","https://www.form5472prep.com/blog/topics/disregarded-entity","true","index, follow","","1","Disregarded Entity guides","307","CollectionPage;BreadcrumbList","73","6 practical guides on Disregarded Entity for foreign-owned US LLC owners."
"https://www.form5472prep.com/blog/topics/disregarded-llc","false","200","","3","1","false","Disregarded Llc guides · Form5472 Prep","38","1 practical guides on Disregarded Llc for foreign-owned US LLC owners.","70","https://www.form5472prep.com/blog/topics/disregarded-llc","true","noindex, follow","","1","Disregarded Llc guides","102","CollectionPage;BreadcrumbList","70","1 practical guides on Disregarded Llc for foreign-owned US LLC owners."
"https://www.form5472prep.com/blog/topics/diy","false","200","","3","2","false","Diy guides · Form5472 Prep","26","2 practical guides on Diy for foreign-owned US LLC owners.","58","https://www.form5472prep.com/blog/topics/diy","true","noindex, follow","","1","Diy guides","139","CollectionPage;BreadcrumbList","58","2 practical guides on Diy for foreign-owned US LLC owners."
"https://www.form5472prep.com/blog/topics/doola","false","200","","3","1","false","Doola guides · Form5472 Prep","28","1 practical guides on Doola for foreign-owned US LLC owners.","60","https://www.form5472prep.com/blog/topics/doola","true","noindex, follow","","1","Doola guides","104","CollectionPage;BreadcrumbList","60","1 practical guides on Doola for foreign-owned US LLC owners."
"https://www.form5472prep.com/blog/topics/dormant-llc","false","200","","3","2","false","Dormant Llc guides · Form5472 Prep","34","2 practical guides on Dormant Llc for foreign-owned US LLC owners.","66","https://www.form5472prep.com/blog/topics/dormant-llc","true","noindex, follow","","1","Dormant Llc guides","139","CollectionPage;BreadcrumbList","66","2 practical guides on Dormant Llc for foreign-owned US LLC owners."
"https://www.form5472prep.com/blog/topics/dropshipping","false","200","","3","1","false","Dropshipping guides · Form5472 Prep","35","1 practical guides on Dropshipping for foreign-owned US LLC owners.","67","https://www.form5472prep.com/blog/topics/dropshipping","true","noindex, follow","","1","Dropshipping guides","93","CollectionPage;BreadcrumbList","67","1 practical guides on Dropshipping for foreign-owned US LLC owners."
"https://www.form5472prep.com/blog/topics/dual-status","false","200","","3","1","false","Dual Status guides · Form5472 Prep","34","1 practical guides on Dual Status for foreign-owned US LLC owners.","66","https://www.form5472prep.com/blog/topics/dual-status","true","noindex, follow","","1","Dual Status guides","99","CollectionPage;BreadcrumbList","66","1 practical guides on Dual Status for foreign-owned US LLC owners."
"https://www.form5472prep.com/blog/topics/dubai","false","200","","3","1","false","Dubai guides · Form5472 Prep","28","1 practical guides on Dubai for foreign-owned US LLC owners.","60","https://www.form5472prep.com/blog/topics/dubai","true","noindex, follow","","1","Dubai guides","106","CollectionPage;BreadcrumbList","60","1 practical guides on Dubai for foreign-owned US LLC owners."
"https://www.form5472prep.com/blog/topics/e-residency","false","200","","3","1","false","E Residency guides · Form5472 Prep","34","1 practical guides on E Residency for foreign-owned US LLC owners.","66","https://www.form5472prep.com/blog/topics/e-residency","true","noindex, follow","","1","E Residency guides","104","CollectionPage;BreadcrumbList","66","1 practical guides on E Residency for foreign-owned US LLC owners."
"https://www.form5472prep.com/blog/topics/eci","false","200","","2","1","false","ECI guides · Form5472 Prep","26","1 practical guides on ECI for foreign-owned US LLC owners.","58","https://www.form5472prep.com/blog/topics/eci","true","noindex, follow","","1","ECI guides","101","CollectionPage;BreadcrumbList","58","1 practical guides on ECI for foreign-owned US LLC owners."
"https://www.form5472prep.com/blog/topics/ecommerce","true","200","","3","3","false","E-commerce guides · Form5472 Prep","33","3 practical guides on E-commerce for foreign-owned US LLC owners.","65","https://www.form5472prep.com/blog/topics/ecommerce","true","index, follow","","1","E-commerce guides","168","CollectionPage;BreadcrumbList","65","3 practical guides on E-commerce for foreign-owned US LLC owners."
"https://www.form5472prep.com/blog/topics/ein","true","200","","2","295","false","EIN guides · Form5472 Prep","26","15 practical guides on EIN for foreign-owned US LLC owners.","59","https://www.form5472prep.com/blog/topics/ein","true","index, follow","","1","EIN guides","694","CollectionPage;BreadcrumbList","59","15 practical guides on EIN for foreign-owned US LLC owners."
"https://www.form5472prep.com/blog/topics/ein-cost","false","200","","3","1","false","Ein Cost guides · Form5472 Prep","31","1 practical guides on Ein Cost for foreign-owned US LLC owners.","63","https://www.form5472prep.com/blog/topics/ein-cost","true","noindex, follow","","1","Ein Cost guides","102","CollectionPage;BreadcrumbList","63","1 practical guides on Ein Cost for foreign-owned US LLC owners."
"https://www.form5472prep.com/blog/topics/ein-processing-time","false","200","","3","1","false","Ein Processing Time guides · Form5472 Prep","42","1 practical guides on Ein Processing Time for foreign-owned US LLC owners.","74","https://www.form5472prep.com/blog/topics/ein-processing-time","true","noindex, follow","","1","Ein Processing Time guides","102","CollectionPage;BreadcrumbList","74","1 practical guides on Ein Processing Time for foreign-owned US LLC owners."
"https://www.form5472prep.com/blog/topics/ein-rejection","false","200","","3","1","false","Ein Rejection guides · Form5472 Prep","36","1 practical guides on Ein Rejection for foreign-owned US LLC owners.","68","https://www.form5472prep.com/blog/topics/ein-rejection","true","noindex, follow","","1","Ein Rejection guides","96","CollectionPage;BreadcrumbList","68","1 practical guides on Ein Rejection for foreign-owned US LLC owners."
"https://www.form5472prep.com/blog/topics/ein-verification","false","200","","3","1","false","Ein Verification guides · Form5472 Prep","39","1 practical guides on Ein Verification for foreign-owned US LLC owners.","71","https://www.form5472prep.com/blog/topics/ein-verification","true","noindex, follow","","1","Ein Verification guides","101","CollectionPage;BreadcrumbList","71","1 practical guides on Ein Verification for foreign-owned US LLC owners."
"https://www.form5472prep.com/blog/topics/entity-choice","false","200","","3","1","false","Entity Choice guides · Form5472 Prep","36","1 practical guides on Entity Choice for foreign-owned US LLC owners.","68","https://www.form5472prep.com/blog/topics/entity-choice","true","noindex, follow","","1","Entity Choice guides","99","CollectionPage;BreadcrumbList","68","1 practical guides on Entity Choice for foreign-owned US LLC owners."
"https://www.form5472prep.com/blog/topics/entity-classification","false","200","","3","2","false","Entity Classification guides · Form5472 Prep","44","2 practical guides on Entity Classification for foreign-owned US LLC owners.","76","https://www.form5472prep.com/blog/topics/entity-classification","true","noindex, follow","","1","Entity Classification guides","136","CollectionPage;BreadcrumbList","76","2 practical guides on Entity Classification for foreign-owned US LLC owners."
"https://www.form5472prep.com/blog/topics/estimated-tax","false","200","","3","1","false","Estimated Tax guides · Form5472 Prep","36","1 practical guides on Estimated Tax for foreign-owned US LLC owners.","68","https://www.form5472prep.com/blog/topics/estimated-tax","true","noindex, follow","","1","Estimated Tax guides","103","CollectionPage;BreadcrumbList","68","1 practical guides on Estimated Tax for foreign-owned US LLC owners."
"https://www.form5472prep.com/blog/topics/estonia","false","200","","3","2","false","Estonia guides · Form5472 Prep","30","2 practical guides on Estonia for foreign-owned US LLC owners.","62","https://www.form5472prep.com/blog/topics/estonia","true","noindex, follow","","1","Estonia guides","150","CollectionPage;BreadcrumbList","62","2 practical guides on Estonia for foreign-owned US LLC owners."
"https://www.form5472prep.com/blog/topics/etsy","false","200","","3","1","false","Etsy guides · Form5472 Prep","27","1 practical guides on Etsy for foreign-owned US LLC owners.","59","https://www.form5472prep.com/blog/topics/etsy","true","noindex, follow","","1","Etsy guides","92","CollectionPage;BreadcrumbList","59","1 practical guides on Etsy for foreign-owned US LLC owners."
"https://www.form5472prep.com/blog/topics/exchange-rates","false","200","","3","2","false","Exchange Rates guides · Form5472 Prep","37","2 practical guides on Exchange Rates for foreign-owned US LLC owners.","69","https://www.form5472prep.com/blog/topics/exchange-rates","true","noindex, follow","","1","Exchange Rates guides","143","CollectionPage;BreadcrumbList","69","2 practical guides on Exchange Rates for foreign-owned US LLC owners."
"https://www.form5472prep.com/blog/topics/expired-itin","false","200","","3","1","false","Expired Itin guides · Form5472 Prep","35","1 practical guides on Expired Itin for foreign-owned US LLC owners.","67","https://www.form5472prep.com/blog/topics/expired-itin","true","noindex, follow","","1","Expired Itin guides","98","CollectionPage;BreadcrumbList","67","1 practical guides on Expired Itin for foreign-owned US LLC owners."
"https://www.form5472prep.com/blog/topics/extension","false","200","","2","2","false","Extension guides · Form5472 Prep","32","2 practical guides on Extension for foreign-owned US LLC owners.","64","https://www.form5472prep.com/blog/topics/extension","true","noindex, follow","","1","Extension guides","142","CollectionPage;BreadcrumbList","64","2 practical guides on Extension for foreign-owned US LLC owners."
"https://www.form5472prep.com/blog/topics/fax","false","200","","2","2","false","Fax guides · Form5472 Prep","26","2 practical guides on Fax for foreign-owned US LLC owners.","58","https://www.form5472prep.com/blog/topics/fax","true","noindex, follow","","1","Fax guides","141","CollectionPage;BreadcrumbList","58","2 practical guides on Fax for foreign-owned US LLC owners."
"https://www.form5472prep.com/blog/topics/fbar","false","200","","3","1","false","Fbar guides · Form5472 Prep","27","1 practical guides on Fbar for foreign-owned US LLC owners.","59","https://www.form5472prep.com/blog/topics/fbar","true","noindex, follow","","1","Fbar guides","98","CollectionPage;BreadcrumbList","59","1 practical guides on Fbar for foreign-owned US LLC owners."
"https://www.form5472prep.com/blog/topics/fdap","false","200","","3","1","false","Fdap guides · Form5472 Prep","27","1 practical guides on Fdap for foreign-owned US LLC owners.","59","https://www.form5472prep.com/blog/topics/fdap","true","noindex, follow","","1","Fdap guides","100","CollectionPage;BreadcrumbList","59","1 practical guides on Fdap for foreign-owned US LLC owners."
"https://www.form5472prep.com/blog/topics/filing-confirmation","false","200","","2","1","false","Filing Confirmation guides · Form5472 Prep","42","1 practical guides on Filing Confirmation for foreign-owned US LLC owners.","74","https://www.form5472prep.com/blog/topics/filing-confirmation","true","noindex, follow","","1","Filing Confirmation guides","104","CollectionPage;BreadcrumbList","74","1 practical guides on Filing Confirmation for foreign-owned US LLC owners."
"https://www.form5472prep.com/blog/topics/filing-guide","true","200","","3","18","false","Filing Guide guides · Form5472 Prep","35","6 practical guides on Filing Guide for foreign-owned US LLC owners.","67","https://www.form5472prep.com/blog/topics/filing-guide","true","index, follow","","1","Filing Guide guides","288","CollectionPage;BreadcrumbList","67","6 practical guides on Filing Guide for foreign-owned US LLC owners."
"https://www.form5472prep.com/blog/topics/final-return","false","200","","3","1","false","Final Return guides · Form5472 Prep","35","1 practical guides on Final Return for foreign-owned US LLC owners.","67","https://www.form5472prep.com/blog/topics/final-return","true","noindex, follow","","1","Final Return guides","99","CollectionPage;BreadcrumbList","67","1 practical guides on Final Return for foreign-owned US LLC owners."
"https://www.form5472prep.com/blog/topics/first-year-filing","false","200","","3","2","false","First Year Filing guides · Form5472 Prep","40","2 practical guides on First Year Filing for foreign-owned US LLC owners.","72","https://www.form5472prep.com/blog/topics/first-year-filing","true","noindex, follow","","1","First Year Filing guides","149","CollectionPage;BreadcrumbList","72","2 practical guides on First Year Filing for foreign-owned US LLC owners."
"https://www.form5472prep.com/blog/topics/firstbase","false","200","","3","1","false","Firstbase guides · Form5472 Prep","32","1 practical guides on Firstbase for foreign-owned US LLC owners.","64","https://www.form5472prep.com/blog/topics/firstbase","true","noindex, follow","","1","Firstbase guides","104","CollectionPage;BreadcrumbList","64","1 practical guides on Firstbase for foreign-owned US LLC owners."
"https://www.form5472prep.com/blog/topics/fiverr","false","200","","3","1","false","Fiverr guides · Form5472 Prep","29","1 practical guides on Fiverr for foreign-owned US LLC owners.","61","https://www.form5472prep.com/blog/topics/fiverr","true","noindex, follow","","1","Fiverr guides","101","CollectionPage;BreadcrumbList","61","1 practical guides on Fiverr for foreign-owned US LLC owners."
"https://www.form5472prep.com/blog/topics/florida-llc","false","200","","3","1","false","Florida Llc guides · Form5472 Prep","34","1 practical guides on Florida Llc for foreign-owned US LLC owners.","66","https://www.form5472prep.com/blog/topics/florida-llc","true","noindex, follow","","1","Florida Llc guides","98","CollectionPage;BreadcrumbList","66","1 practical guides on Florida Llc for foreign-owned US LLC owners."
"https://www.form5472prep.com/blog/topics/foreign-address","false","200","","3","2","false","Foreign Address guides · Form5472 Prep","38","2 practical guides on Foreign Address for foreign-owned US LLC owners.","70","https://www.form5472prep.com/blog/topics/foreign-address","true","noindex, follow","","1","Foreign Address guides","129","CollectionPage;BreadcrumbList","70","2 practical guides on Foreign Address for foreign-owned US LLC owners."
"https://www.form5472prep.com/blog/topics/foreign-bank-account","false","200","","3","1","false","Foreign Bank Account guides · Form5472 Prep","43","1 practical guides on Foreign Bank Account for foreign-owned US LLC owners.","75","https://www.form5472prep.com/blog/topics/foreign-bank-account","true","noindex, follow","","1","Foreign Bank Account guides","102","CollectionPage;BreadcrumbList","75","1 practical guides on Foreign Bank Account for foreign-owned US LLC owners."
"https://www.form5472prep.com/blog/topics/foreign-company","false","200","","3","1","false","Foreign Company guides · Form5472 Prep","38","1 practical guides on Foreign Company for foreign-owned US LLC owners.","70","https://www.form5472prep.com/blog/topics/foreign-company","true","noindex, follow","","1","Foreign Company guides","100","CollectionPage;BreadcrumbList","70","1 practical guides on Foreign Company for foreign-owned US LLC owners."
"https://www.form5472prep.com/blog/topics/foreign-contractors","false","200","","3","1","false","Foreign Contractors guides · Form5472 Prep","42","1 practical guides on Foreign Contractors for foreign-owned US LLC owners.","74","https://www.form5472prep.com/blog/topics/foreign-contractors","true","noindex, follow","","1","Foreign Contractors guides","97","CollectionPage;BreadcrumbList","74","1 practical guides on Foreign Contractors for foreign-owned US LLC owners."
"https://www.form5472prep.com/blog/topics/foreign-corporation","false","200","","3","1","false","Foreign Corporation guides · Form5472 Prep","42","1 practical guides on Foreign Corporation for foreign-owned US LLC owners.","74","https://www.form5472prep.com/blog/topics/foreign-corporation","true","noindex, follow","","1","Foreign Corporation guides","102","CollectionPage;BreadcrumbList","74","1 practical guides on Foreign Corporation for foreign-owned US LLC owners."
"https://www.form5472prep.com/blog/topics/foreign-currency","false","200","","3","2","false","Foreign Currency guides · Form5472 Prep","39","2 practical guides on Foreign Currency for foreign-owned US LLC owners.","71","https://www.form5472prep.com/blog/topics/foreign-currency","true","noindex, follow","","1","Foreign Currency guides","143","CollectionPage;BreadcrumbList","71","2 practical guides on Foreign Currency for foreign-owned US LLC owners."
"https://www.form5472prep.com/blog/topics/foreign-founders","false","200","","3","1","false","Foreign Founders guides · Form5472 Prep","39","1 practical guides on Foreign Founders for foreign-owned US LLC owners.","71","https://www.form5472prep.com/blog/topics/foreign-founders","true","noindex, follow","","1","Foreign Founders guides","95","CollectionPage;BreadcrumbList","71","1 practical guides on Foreign Founders for foreign-owned US LLC owners."
"https://www.form5472prep.com/blog/topics/foreign-investor","false","200","","3","1","false","Foreign Investor guides · Form5472 Prep","39","1 practical guides on Foreign Investor for foreign-owned US LLC owners.","71","https://www.form5472prep.com/blog/topics/foreign-investor","true","noindex, follow","","1","Foreign Investor guides","102","CollectionPage;BreadcrumbList","71","1 practical guides on Foreign Investor for foreign-owned US LLC owners."
"https://www.form5472prep.com/blog/topics/foreign-owned-llc","true","200","","2","405","false","Foreign-owned LLC guides · Form5472 Prep","40","125 practical guides on Foreign-owned LLC for foreign-owned US LLC owners.","74","https://www.form5472prep.com/blog/topics/foreign-owned-llc","true","index, follow","","1","Foreign-owned LLC guides","5282","CollectionPage;BreadcrumbList","74","125 practical guides on Foreign-owned LLC for foreign-owned US LLC owners."
"https://www.form5472prep.com/blog/topics/foreign-owner","true","200","","3","3","false","Foreign Owner guides · Form5472 Prep","36","3 practical guides on Foreign Owner for foreign-owned US LLC owners.","68","https://www.form5472prep.com/blog/topics/foreign-owner","true","index, follow","","1","Foreign Owner guides","180","CollectionPage;BreadcrumbList","68","3 practical guides on Foreign Owner for foreign-owned US LLC owners."
"https://www.form5472prep.com/blog/topics/foreign-sellers","false","200","","3","1","false","Foreign Sellers guides · Form5472 Prep","38","1 practical guides on Foreign Sellers for foreign-owned US LLC owners.","70","https://www.form5472prep.com/blog/topics/foreign-sellers","true","noindex, follow","","1","Foreign Sellers guides","99","CollectionPage;BreadcrumbList","70","1 practical guides on Foreign Sellers for foreign-owned US LLC owners."
"https://www.form5472prep.com/blog/topics/foreign-source-income","false","200","","3","1","false","Foreign Source Income guides · Form5472 Prep","44","1 practical guides on Foreign Source Income for foreign-owned US LLC owners.","76","https://www.form5472prep.com/blog/topics/foreign-source-income","true","noindex, follow","","1","Foreign Source Income guides","97","CollectionPage;BreadcrumbList","76","1 practical guides on Foreign Source Income for foreign-owned US LLC owners."
"https://www.form5472prep.com/blog/topics/form-1040-nr","true","200","","3","5","false","Form 1040-NR guides · Form5472 Prep","35","5 practical guides on Form 1040-NR for foreign-owned US LLC owners.","67","https://www.form5472prep.com/blog/topics/form-1040-nr","true","index, follow","","1","Form 1040-NR guides","269","CollectionPage;BreadcrumbList","67","5 practical guides on Form 1040-NR for foreign-owned US LLC owners."
"https://www.form5472prep.com/blog/topics/form-1042-s","false","200","","3","1","false","Form 1042 S guides · Form5472 Prep","34","1 practical guides on Form 1042 S for foreign-owned US LLC owners.","66","https://www.form5472prep.com/blog/topics/form-1042-s","true","noindex, follow","","1","Form 1042 S guides","103","CollectionPage;BreadcrumbList","66","1 practical guides on Form 1042 S for foreign-owned US LLC owners."
"https://www.form5472prep.com/blog/topics/form-1065","false","200","","3","1","false","Form 1065 guides · Form5472 Prep","32","1 practical guides on Form 1065 for foreign-owned US LLC owners.","64","https://www.form5472prep.com/blog/topics/form-1065","true","noindex, follow","","1","Form 1065 guides","102","CollectionPage;BreadcrumbList","64","1 practical guides on Form 1065 for foreign-owned US LLC owners."
"https://www.form5472prep.com/blog/topics/form-1120-f","false","200","","3","1","false","Form 1120 F guides · Form5472 Prep","34","1 practical guides on Form 1120 F for foreign-owned US LLC owners.","66","https://www.form5472prep.com/blog/topics/form-1120-f","true","noindex, follow","","1","Form 1120 F guides","104","CollectionPage;BreadcrumbList","66","1 practical guides on Form 1120 F for foreign-owned US LLC owners."
"https://www.form5472prep.com/blog/topics/form-4868","false","200","","3","1","false","Form 4868 guides · Form5472 Prep","32","1 practical guides on Form 4868 for foreign-owned US LLC owners.","64","https://www.form5472prep.com/blog/topics/form-4868","true","noindex, follow","","1","Form 4868 guides","103","CollectionPage;BreadcrumbList","64","1 practical guides on Form 4868 for foreign-owned US LLC owners."
"https://www.form5472prep.com/blog/topics/form-5471","false","200","","3","1","false","Form 5471 guides · Form5472 Prep","32","1 practical guides on Form 5471 for foreign-owned US LLC owners.","64","https://www.form5472prep.com/blog/topics/form-5471","true","noindex, follow","","1","Form 5471 guides","95","CollectionPage;BreadcrumbList","64","1 practical guides on Form 5471 for foreign-owned US LLC owners."
"https://www.form5472prep.com/blog/topics/form-5472","true","200","","2","432","false","Form 5472 guides · Form5472 Prep","32","152 practical guides on Form 5472 for foreign-owned US LLC owners.","66","https://www.form5472prep.com/blog/topics/form-5472","true","index, follow","","1","Form 5472 guides","6307","CollectionPage;BreadcrumbList","66","152 practical guides on Form 5472 for foreign-owned US LLC owners."
"https://www.form5472prep.com/blog/topics/form-568","false","200","","3","1","false","Form 568 guides · Form5472 Prep","31","1 practical guides on Form 568 for foreign-owned US LLC owners.","63","https://www.form5472prep.com/blog/topics/form-568","true","noindex, follow","","1","Form 568 guides","98","CollectionPage;BreadcrumbList","63","1 practical guides on Form 568 for foreign-owned US LLC owners."
"https://www.form5472prep.com/blog/topics/form-7004","true","200","","2","4","false","Form 7004 guides · Form5472 Prep","32","4 practical guides on Form 7004 for foreign-owned US LLC owners.","64","https://www.form5472prep.com/blog/topics/form-7004","true","index, follow","","1","Form 7004 guides","229","CollectionPage;BreadcrumbList","64","4 practical guides on Form 7004 for foreign-owned US LLC owners."
"https://www.form5472prep.com/blog/topics/form-8822-b","false","200","","3","1","false","Form 8822 B guides · Form5472 Prep","34","1 practical guides on Form 8822 B for foreign-owned US LLC owners.","66","https://www.form5472prep.com/blog/topics/form-8822-b","true","noindex, follow","","1","Form 8822 B guides","102","CollectionPage;BreadcrumbList","66","1 practical guides on Form 8822 B for foreign-owned US LLC owners."
"https://www.form5472prep.com/blog/topics/form-8832","false","200","","3","1","false","Form 8832 guides · Form5472 Prep","32","1 practical guides on Form 8832 for foreign-owned US LLC owners.","64","https://www.form5472prep.com/blog/topics/form-8832","true","noindex, follow","","1","Form 8832 guides","97","CollectionPage;BreadcrumbList","64","1 practical guides on Form 8832 for foreign-owned US LLC owners."
"https://www.form5472prep.com/blog/topics/form-ss-4","true","200","","3","287","false","Form SS-4 guides · Form5472 Prep","32","8 practical guides on Form SS-4 for foreign-owned US LLC owners.","64","https://www.form5472prep.com/blog/topics/form-ss-4","true","index, follow","","1","Form SS-4 guides","388","CollectionPage;BreadcrumbList","64","8 practical guides on Form SS-4 for foreign-owned US LLC owners."
"https://www.form5472prep.com/blog/topics/form-w-7","true","200","","3","293","false","Form W-7 guides · Form5472 Prep","31","14 practical guides on Form W-7 for foreign-owned US LLC owners.","64","https://www.form5472prep.com/blog/topics/form-w-7","true","index, follow","","1","Form W-7 guides","631","CollectionPage;BreadcrumbList","64","14 practical guides on Form W-7 for foreign-owned US LLC owners."
"https://www.form5472prep.com/blog/topics/formation-costs","false","200","","3","1","false","Formation Costs guides · Form5472 Prep","38","1 practical guides on Formation Costs for foreign-owned US LLC owners.","70","https://www.form5472prep.com/blog/topics/formation-costs","true","noindex, follow","","1","Formation Costs guides","98","CollectionPage;BreadcrumbList","70","1 practical guides on Formation Costs for foreign-owned US LLC owners."
"https://www.form5472prep.com/blog/topics/france","false","200","","3","1","false","France guides · Form5472 Prep","29","1 practical guides on France for foreign-owned US LLC owners.","61","https://www.form5472prep.com/blog/topics/france","true","noindex, follow","","1","France guides","99","CollectionPage;BreadcrumbList","61","1 practical guides on France for foreign-owned US LLC owners."
"https://www.form5472prep.com/blog/topics/franchise-tax","false","200","","3","1","false","Franchise Tax guides · Form5472 Prep","36","1 practical guides on Franchise Tax for foreign-owned US LLC owners.","68","https://www.form5472prep.com/blog/topics/franchise-tax","true","noindex, follow","","1","Franchise Tax guides","98","CollectionPage;BreadcrumbList","68","1 practical guides on Franchise Tax for foreign-owned US LLC owners."
"https://www.form5472prep.com/blog/topics/freelancers","true","200","","3","3","false","Freelancers guides · Form5472 Prep","34","3 practical guides on Freelancers for foreign-owned US LLC owners.","66","https://www.form5472prep.com/blog/topics/freelancers","true","index, follow","","1","Freelancers guides","181","CollectionPage;BreadcrumbList","66","3 practical guides on Freelancers for foreign-owned US LLC owners."
"https://www.form5472prep.com/blog/topics/ftin","true","200","","2","309","false","FTIN guides · Form5472 Prep","27","29 practical guides on FTIN for foreign-owned US LLC owners.","60","https://www.form5472prep.com/blog/topics/ftin","true","index, follow","","1","FTIN guides","1326","CollectionPage;BreadcrumbList","60","29 practical guides on FTIN for foreign-owned US LLC owners."
"https://www.form5472prep.com/blog/topics/georgia","false","200","","3","2","false","Georgia guides · Form5472 Prep","30","2 practical guides on Georgia for foreign-owned US LLC owners.","62","https://www.form5472prep.com/blog/topics/georgia","true","noindex, follow","","1","Georgia guides","142","CollectionPage;BreadcrumbList","62","2 practical guides on Georgia for foreign-owned US LLC owners."
"https://www.form5472prep.com/blog/topics/germany","false","200","","3","1","false","Germany guides · Form5472 Prep","30","1 practical guides on Germany for foreign-owned US LLC owners.","62","https://www.form5472prep.com/blog/topics/germany","true","noindex, follow","","1","Germany guides","97","CollectionPage;BreadcrumbList","62","1 practical guides on Germany for foreign-owned US LLC owners."
"https://www.form5472prep.com/blog/topics/getting-started","false","200","","2","2","false","Getting Started guides · Form5472 Prep","38","2 practical guides on Getting Started for foreign-owned US LLC owners.","70","https://www.form5472prep.com/blog/topics/getting-started","true","noindex, follow","","1","Getting Started guides","157","CollectionPage;BreadcrumbList","70","2 practical guides on Getting Started for foreign-owned US LLC owners."
"https://www.form5472prep.com/blog/topics/gold-card","false","200","","3","1","false","Gold Card guides · Form5472 Prep","32","1 practical guides on Gold Card for foreign-owned US LLC owners.","64","https://www.form5472prep.com/blog/topics/gold-card","true","noindex, follow","","1","Gold Card guides","104","CollectionPage;BreadcrumbList","64","1 practical guides on Gold Card for foreign-owned US LLC owners."
"https://www.form5472prep.com/blog/topics/good-standing","false","200","","3","1","false","Good Standing guides · Form5472 Prep","36","1 practical guides on Good Standing for foreign-owned US LLC owners.","68","https://www.form5472prep.com/blog/topics/good-standing","true","noindex, follow","","1","Good Standing guides","105","CollectionPage;BreadcrumbList","68","1 practical guides on Good Standing for foreign-owned US LLC owners."
"https://www.form5472prep.com/blog/topics/hong-kong","false","200","","3","1","false","Hong Kong guides · Form5472 Prep","32","1 practical guides on Hong Kong for foreign-owned US LLC owners.","64","https://www.form5472prep.com/blog/topics/hong-kong","true","noindex, follow","","1","Hong Kong guides","102","CollectionPage;BreadcrumbList","64","1 practical guides on Hong Kong for foreign-owned US LLC owners."
"https://www.form5472prep.com/blog/topics/how-to","false","200","","3","1","false","How To guides · Form5472 Prep","29","1 practical guides on How To for foreign-owned US LLC owners.","61","https://www.form5472prep.com/blog/topics/how-to","true","noindex, follow","","1","How To guides","98","CollectionPage;BreadcrumbList","61","1 practical guides on How To for foreign-owned US LLC owners."
"https://www.form5472prep.com/blog/topics/hungary","false","200","","3","1","false","Hungary guides · Form5472 Prep","30","1 practical guides on Hungary for foreign-owned US LLC owners.","62","https://www.form5472prep.com/blog/topics/hungary","true","noindex, follow","","1","Hungary guides","101","CollectionPage;BreadcrumbList","62","1 practical guides on Hungary for foreign-owned US LLC owners."
"https://www.form5472prep.com/blog/topics/identity-documents","false","200","","3","1","false","Identity Documents guides · Form5472 Prep","41","1 practical guides on Identity Documents for foreign-owned US LLC owners.","73","https://www.form5472prep.com/blog/topics/identity-documents","true","noindex, follow","","1","Identity Documents guides","99","CollectionPage;BreadcrumbList","73","1 practical guides on Identity Documents for foreign-owned US LLC owners."
"https://www.form5472prep.com/blog/topics/india-residents","false","200","","3","1","false","India Residents guides · Form5472 Prep","38","1 practical guides on India Residents for foreign-owned US LLC owners.","70","https://www.form5472prep.com/blog/topics/india-residents","true","noindex, follow","","1","India Residents guides","96","CollectionPage;BreadcrumbList","70","1 practical guides on India Residents for foreign-owned US LLC owners."
"https://www.form5472prep.com/blog/topics/indonesia","false","200","","3","1","false","Indonesia guides · Form5472 Prep","32","1 practical guides on Indonesia for foreign-owned US LLC owners.","64","https://www.form5472prep.com/blog/topics/indonesia","true","noindex, follow","","1","Indonesia guides","106","CollectionPage;BreadcrumbList","64","1 practical guides on Indonesia for foreign-owned US LLC owners."
"https://www.form5472prep.com/blog/topics/influencers","false","200","","3","1","false","Influencers guides · Form5472 Prep","34","1 practical guides on Influencers for foreign-owned US LLC owners.","66","https://www.form5472prep.com/blog/topics/influencers","true","noindex, follow","","1","Influencers guides","96","CollectionPage;BreadcrumbList","66","1 practical guides on Influencers for foreign-owned US LLC owners."
"https://www.form5472prep.com/blog/topics/intellectual-property","false","200","","3","1","false","Intellectual Property guides · Form5472 Prep","44","1 practical guides on Intellectual Property for foreign-owned US LLC owners.","76","https://www.form5472prep.com/blog/topics/intellectual-property","true","noindex, follow","","1","Intellectual Property guides","96","CollectionPage;BreadcrumbList","76","1 practical guides on Intellectual Property for foreign-owned US LLC owners."
"https://www.form5472prep.com/blog/topics/international-applicant","false","200","","3","1","false","International Applicant guides · Form5472 Prep","46","1 practical guides on International Applicant for foreign-owned US LLC owners.","78","https://www.form5472prep.com/blog/topics/international-applicant","true","noindex, follow","","1","International Applicant guides","100","CollectionPage;BreadcrumbList","78","1 practical guides on International Applicant for foreign-owned US LLC owners."
"https://www.form5472prep.com/blog/topics/ird-number","false","200","","3","1","false","Ird Number guides · Form5472 Prep","33","1 practical guides on Ird Number for foreign-owned US LLC owners.","65","https://www.form5472prep.com/blog/topics/ird-number","true","noindex, follow","","1","Ird Number guides","100","CollectionPage;BreadcrumbList","65","1 practical guides on Ird Number for foreign-owned US LLC owners."
"https://www.form5472prep.com/blog/topics/irs-ogden","false","200","","3","1","false","Irs Ogden guides · Form5472 Prep","32","1 practical guides on Irs Ogden for foreign-owned US LLC owners.","64","https://www.form5472prep.com/blog/topics/irs-ogden","true","noindex, follow","","1","Irs Ogden guides","98","CollectionPage;BreadcrumbList","64","1 practical guides on Irs Ogden for foreign-owned US LLC owners."
"https://www.form5472prep.com/blog/topics/irsn","false","200","","3","1","false","Irsn guides · Form5472 Prep","27","1 practical guides on Irsn for foreign-owned US LLC owners.","59","https://www.form5472prep.com/blog/topics/irsn","true","noindex, follow","","1","Irsn guides","102","CollectionPage;BreadcrumbList","59","1 practical guides on Irsn for foreign-owned US LLC owners."
"https://www.form5472prep.com/blog/topics/italy","false","200","","3","1","false","Italy guides · Form5472 Prep","28","1 practical guides on Italy for foreign-owned US LLC owners.","60","https://www.form5472prep.com/blog/topics/italy","true","noindex, follow","","1","Italy guides","95","CollectionPage;BreadcrumbList","60","1 practical guides on Italy for foreign-owned US LLC owners."
"https://www.form5472prep.com/blog/topics/itin","true","200","","2","295","false","ITIN guides · Form5472 Prep","27","15 practical guides on ITIN for foreign-owned US LLC owners.","60","https://www.form5472prep.com/blog/topics/itin","true","index, follow","","1","ITIN guides","677","CollectionPage;BreadcrumbList","60","15 practical guides on ITIN for foreign-owned US LLC owners."
"https://www.form5472prep.com/blog/topics/itin-cost","false","200","","3","1","false","Itin Cost guides · Form5472 Prep","32","1 practical guides on Itin Cost for foreign-owned US LLC owners.","64","https://www.form5472prep.com/blog/topics/itin-cost","true","noindex, follow","","1","Itin Cost guides","102","CollectionPage;BreadcrumbList","64","1 practical guides on Itin Cost for foreign-owned US LLC owners."
"https://www.form5472prep.com/blog/topics/itin-processing-time","false","200","","3","1","false","Itin Processing Time guides · Form5472 Prep","43","1 practical guides on Itin Processing Time for foreign-owned US LLC owners.","75","https://www.form5472prep.com/blog/topics/itin-processing-time","true","noindex, follow","","1","Itin Processing Time guides","104","CollectionPage;BreadcrumbList","75","1 practical guides on Itin Processing Time for foreign-owned US LLC owners."
"https://www.form5472prep.com/blog/topics/itin-rejection","false","200","","3","2","false","Itin Rejection guides · Form5472 Prep","37","2 practical guides on Itin Rejection for foreign-owned US LLC owners.","69","https://www.form5472prep.com/blog/topics/itin-rejection","true","noindex, follow","","1","Itin Rejection guides","140","CollectionPage;BreadcrumbList","69","2 practical guides on Itin Rejection for foreign-owned US LLC owners."
"https://www.form5472prep.com/blog/topics/itin-renewal","false","200","","3","2","false","Itin Renewal guides · Form5472 Prep","35","2 practical guides on Itin Renewal for foreign-owned US LLC owners.","67","https://www.form5472prep.com/blog/topics/itin-renewal","true","noindex, follow","","1","Itin Renewal guides","138","CollectionPage;BreadcrumbList","67","2 practical guides on Itin Renewal for foreign-owned US LLC owners."
"https://www.form5472prep.com/blog/topics/itin-status","false","200","","3","1","false","Itin Status guides · Form5472 Prep","34","1 practical guides on Itin Status for foreign-owned US LLC owners.","66","https://www.form5472prep.com/blog/topics/itin-status","true","noindex, follow","","1","Itin Status guides","102","CollectionPage;BreadcrumbList","66","1 practical guides on Itin Status for foreign-owned US LLC owners."
"https://www.form5472prep.com/blog/topics/japan","false","200","","3","1","false","Japan guides · Form5472 Prep","28","1 practical guides on Japan for foreign-owned US LLC owners.","60","https://www.form5472prep.com/blog/topics/japan","true","noindex, follow","","1","Japan guides","95","CollectionPage;BreadcrumbList","60","1 practical guides on Japan for foreign-owned US LLC owners."
"https://www.form5472prep.com/blog/topics/joint-return","false","200","","3","1","false","Joint Return guides · Form5472 Prep","35","1 practical guides on Joint Return for foreign-owned US LLC owners.","67","https://www.form5472prep.com/blog/topics/joint-return","true","noindex, follow","","1","Joint Return guides","106","CollectionPage;BreadcrumbList","67","1 practical guides on Joint Return for foreign-owned US LLC owners."
"https://www.form5472prep.com/blog/topics/late-filing","true","200","","2","5","false","Late Filing guides · Form5472 Prep","34","5 practical guides on Late Filing for foreign-owned US LLC owners.","66","https://www.form5472prep.com/blog/topics/late-filing","true","index, follow","","1","Late Filing guides","270","CollectionPage;BreadcrumbList","66","5 practical guides on Late Filing for foreign-owned US LLC owners."
"https://www.form5472prep.com/blog/topics/letter-147c","false","200","","3","1","false","Letter 147c guides · Form5472 Prep","34","1 practical guides on Letter 147c for foreign-owned US LLC owners.","66","https://www.form5472prep.com/blog/topics/letter-147c","true","noindex, follow","","1","Letter 147c guides","101","CollectionPage;BreadcrumbList","66","1 practical guides on Letter 147c for foreign-owned US LLC owners."
"https://www.form5472prep.com/blog/topics/license-fees","false","200","","3","1","false","License Fees guides · Form5472 Prep","35","1 practical guides on License Fees for foreign-owned US LLC owners.","67","https://www.form5472prep.com/blog/topics/license-fees","true","noindex, follow","","1","License Fees guides","96","CollectionPage;BreadcrumbList","67","1 practical guides on License Fees for foreign-owned US LLC owners."
"https://www.form5472prep.com/blog/topics/line-1f","false","200","","3","1","false","Line 1f guides · Form5472 Prep","30","1 practical guides on Line 1f for foreign-owned US LLC owners.","62","https://www.form5472prep.com/blog/topics/line-1f","true","noindex, follow","","1","Line 1f guides","96","CollectionPage;BreadcrumbList","62","1 practical guides on Line 1f for foreign-owned US LLC owners."
"https://www.form5472prep.com/blog/topics/line-1g","false","200","","3","1","false","Line 1g guides · Form5472 Prep","30","1 practical guides on Line 1g for foreign-owned US LLC owners.","62","https://www.form5472prep.com/blog/topics/line-1g","true","noindex, follow","","1","Line 1g guides","96","CollectionPage;BreadcrumbList","62","1 practical guides on Line 1g for foreign-owned US LLC owners."
"https://www.form5472prep.com/blog/topics/line-1h","false","200","","3","1","false","Line 1h guides · Form5472 Prep","30","1 practical guides on Line 1h for foreign-owned US LLC owners.","62","https://www.form5472prep.com/blog/topics/line-1h","true","noindex, follow","","1","Line 1h guides","96","CollectionPage;BreadcrumbList","62","1 practical guides on Line 1h for foreign-owned US LLC owners."
"https://www.form5472prep.com/blog/topics/llc-dissolution","false","200","","3","1","false","Llc Dissolution guides · Form5472 Prep","38","1 practical guides on Llc Dissolution for foreign-owned US LLC owners.","70","https://www.form5472prep.com/blog/topics/llc-dissolution","true","noindex, follow","","1","Llc Dissolution guides","99","CollectionPage;BreadcrumbList","70","1 practical guides on Llc Dissolution for foreign-owned US LLC owners."
"https://www.form5472prep.com/blog/topics/llc-ownership-change","false","200","","3","1","false","Llc Ownership Change guides · Form5472 Prep","43","1 practical guides on Llc Ownership Change for foreign-owned US LLC owners.","75","https://www.form5472prep.com/blog/topics/llc-ownership-change","true","noindex, follow","","1","Llc Ownership Change guides","104","CollectionPage;BreadcrumbList","75","1 practical guides on Llc Ownership Change for foreign-owned US LLC owners."
"https://www.form5472prep.com/blog/topics/llc-sale","false","200","","3","1","false","Llc Sale guides · Form5472 Prep","31","1 practical guides on Llc Sale for foreign-owned US LLC owners.","63","https://www.form5472prep.com/blog/topics/llc-sale","true","noindex, follow","","1","Llc Sale guides","98","CollectionPage;BreadcrumbList","63","1 practical guides on Llc Sale for foreign-owned US LLC owners."
"https://www.form5472prep.com/blog/topics/malaysia","false","200","","3","2","false","Malaysia guides · Form5472 Prep","31","2 practical guides on Malaysia for foreign-owned US LLC owners.","63","https://www.form5472prep.com/blog/topics/malaysia","true","noindex, follow","","1","Malaysia guides","142","CollectionPage;BreadcrumbList","63","2 practical guides on Malaysia for foreign-owned US LLC owners."
"https://www.form5472prep.com/blog/topics/management-fees","false","200","","3","1","false","Management Fees guides · Form5472 Prep","38","1 practical guides on Management Fees for foreign-owned US LLC owners.","70","https://www.form5472prep.com/blog/topics/management-fees","true","noindex, follow","","1","Management Fees guides","98","CollectionPage;BreadcrumbList","70","1 practical guides on Management Fees for foreign-owned US LLC owners."
"https://www.form5472prep.com/blog/topics/medellin","false","200","","3","1","false","Medellin guides · Form5472 Prep","31","1 practical guides on Medellin for foreign-owned US LLC owners.","63","https://www.form5472prep.com/blog/topics/medellin","true","noindex, follow","","1","Medellin guides","102","CollectionPage;BreadcrumbList","63","1 practical guides on Medellin for foreign-owned US LLC owners."
"https://www.form5472prep.com/blog/topics/mercury","false","200","","3","1","false","Mercury guides · Form5472 Prep","30","1 practical guides on Mercury for foreign-owned US LLC owners.","62","https://www.form5472prep.com/blog/topics/mercury","true","noindex, follow","","1","Mercury guides","96","CollectionPage;BreadcrumbList","62","1 practical guides on Mercury for foreign-owned US LLC owners."
"https://www.form5472prep.com/blog/topics/mexico","false","200","","3","2","false","Mexico guides · Form5472 Prep","29","2 practical guides on Mexico for foreign-owned US LLC owners.","61","https://www.form5472prep.com/blog/topics/mexico","true","noindex, follow","","1","Mexico guides","139","CollectionPage;BreadcrumbList","61","2 practical guides on Mexico for foreign-owned US LLC owners."
"https://www.form5472prep.com/blog/topics/multi-member-llc","false","200","","3","1","false","Multi Member Llc guides · Form5472 Prep","39","1 practical guides on Multi Member Llc for foreign-owned US LLC owners.","71","https://www.form5472prep.com/blog/topics/multi-member-llc","true","noindex, follow","","1","Multi Member Llc guides","104","CollectionPage;BreadcrumbList","71","1 practical guides on Multi Member Llc for foreign-owned US LLC owners."
"https://www.form5472prep.com/blog/topics/multiple-forms","false","200","","3","1","false","Multiple Forms guides · Form5472 Prep","37","1 practical guides on Multiple Forms for foreign-owned US LLC owners.","69","https://www.form5472prep.com/blog/topics/multiple-forms","true","noindex, follow","","1","Multiple Forms guides","95","CollectionPage;BreadcrumbList","69","1 practical guides on Multiple Forms for foreign-owned US LLC owners."
"https://www.form5472prep.com/blog/topics/multiple-llcs","false","200","","3","1","false","Multiple Llcs guides · Form5472 Prep","36","1 practical guides on Multiple Llcs for foreign-owned US LLC owners.","68","https://www.form5472prep.com/blog/topics/multiple-llcs","true","noindex, follow","","1","Multiple Llcs guides","101","CollectionPage;BreadcrumbList","68","1 practical guides on Multiple Llcs for foreign-owned US LLC owners."
"https://www.form5472prep.com/blog/topics/my-number","false","200","","3","1","false","My Number guides · Form5472 Prep","32","1 practical guides on My Number for foreign-owned US LLC owners.","64","https://www.form5472prep.com/blog/topics/my-number","true","noindex, follow","","1","My Number guides","97","CollectionPage;BreadcrumbList","64","1 practical guides on My Number for foreign-owned US LLC owners."
"https://www.form5472prep.com/blog/topics/name-change","false","200","","3","1","false","Name Change guides · Form5472 Prep","34","1 practical guides on Name Change for foreign-owned US LLC owners.","66","https://www.form5472prep.com/blog/topics/name-change","true","noindex, follow","","1","Name Change guides","99","CollectionPage;BreadcrumbList","66","1 practical guides on Name Change for foreign-owned US LLC owners."
"https://www.form5472prep.com/blog/topics/netherlands","false","200","","3","1","false","Netherlands guides · Form5472 Prep","34","1 practical guides on Netherlands for foreign-owned US LLC owners.","66","https://www.form5472prep.com/blog/topics/netherlands","true","noindex, follow","","1","Netherlands guides","99","CollectionPage;BreadcrumbList","66","1 practical guides on Netherlands for foreign-owned US LLC owners."
"https://www.form5472prep.com/blog/topics/nevada-llc","false","200","","3","1","false","Nevada Llc guides · Form5472 Prep","33","1 practical guides on Nevada Llc for foreign-owned US LLC owners.","65","https://www.form5472prep.com/blog/topics/nevada-llc","true","noindex, follow","","1","Nevada Llc guides","98","CollectionPage;BreadcrumbList","65","1 practical guides on Nevada Llc for foreign-owned US LLC owners."
"https://www.form5472prep.com/blog/topics/new-ein","false","200","","3","1","false","New Ein guides · Form5472 Prep","30","1 practical guides on New Ein for foreign-owned US LLC owners.","62","https://www.form5472prep.com/blog/topics/new-ein","true","noindex, follow","","1","New Ein guides","102","CollectionPage;BreadcrumbList","62","1 practical guides on New Ein for foreign-owned US LLC owners."
"https://www.form5472prep.com/blog/topics/new-llc","false","200","","3","1","false","New Llc guides · Form5472 Prep","30","1 practical guides on New Llc for foreign-owned US LLC owners.","62","https://www.form5472prep.com/blog/topics/new-llc","true","noindex, follow","","1","New Llc guides","97","CollectionPage;BreadcrumbList","62","1 practical guides on New Llc for foreign-owned US LLC owners."
"https://www.form5472prep.com/blog/topics/new-mexico-llc","false","200","","3","2","false","New Mexico Llc guides · Form5472 Prep","37","2 practical guides on New Mexico Llc for foreign-owned US LLC owners.","69","https://www.form5472prep.com/blog/topics/new-mexico-llc","true","noindex, follow","","1","New Mexico Llc guides","144","CollectionPage;BreadcrumbList","69","2 practical guides on New Mexico Llc for foreign-owned US LLC owners."
"https://www.form5472prep.com/blog/topics/new-zealand","false","200","","3","1","false","New Zealand guides · Form5472 Prep","34","1 practical guides on New Zealand for foreign-owned US LLC owners.","66","https://www.form5472prep.com/blog/topics/new-zealand","true","noindex, follow","","1","New Zealand guides","100","CollectionPage;BreadcrumbList","66","1 practical guides on New Zealand for foreign-owned US LLC owners."
"https://www.form5472prep.com/blog/topics/nif","false","200","","3","1","false","Nif guides · Form5472 Prep","26","1 practical guides on Nif for foreign-owned US LLC owners.","58","https://www.form5472prep.com/blog/topics/nif","true","noindex, follow","","1","Nif guides","94","CollectionPage;BreadcrumbList","58","1 practical guides on Nif for foreign-owned US LLC owners."
"https://www.form5472prep.com/blog/topics/nigeria","false","200","","3","1","false","Nigeria guides · Form5472 Prep","30","1 practical guides on Nigeria for foreign-owned US LLC owners.","62","https://www.form5472prep.com/blog/topics/nigeria","true","noindex, follow","","1","Nigeria guides","96","CollectionPage;BreadcrumbList","62","1 practical guides on Nigeria for foreign-owned US LLC owners."
"https://www.form5472prep.com/blog/topics/no-bank-account","false","200","","3","1","false","No Bank Account guides · Form5472 Prep","38","1 practical guides on No Bank Account for foreign-owned US LLC owners.","70","https://www.form5472prep.com/blog/topics/no-bank-account","true","noindex, follow","","1","No Bank Account guides","100","CollectionPage;BreadcrumbList","70","1 practical guides on No Bank Account for foreign-owned US LLC owners."
"https://www.form5472prep.com/blog/topics/no-income","false","200","","3","1","false","No Income guides · Form5472 Prep","32","1 practical guides on No Income for foreign-owned US LLC owners.","64","https://www.form5472prep.com/blog/topics/no-income","true","noindex, follow","","1","No Income guides","100","CollectionPage;BreadcrumbList","64","1 practical guides on No Income for foreign-owned US LLC owners."
"https://www.form5472prep.com/blog/topics/non-resident","true","200","","2","293","false","Non-resident guides · Form5472 Prep","35","14 practical guides on Non-resident for foreign-owned US LLC owners.","68","https://www.form5472prep.com/blog/topics/non-resident","true","index, follow","","1","Non-resident guides","647","CollectionPage;BreadcrumbList","68","14 practical guides on Non-resident for foreign-owned US LLC owners."
"https://www.form5472prep.com/blog/topics/non-resident-founder","false","200","","3","2","false","Non Resident Founder guides · Form5472 Prep","43","2 practical guides on Non Resident Founder for foreign-owned US LLC owners.","75","https://www.form5472prep.com/blog/topics/non-resident-founder","true","noindex, follow","","1","Non Resident Founder guides","142","CollectionPage;BreadcrumbList","75","2 practical guides on Non Resident Founder for foreign-owned US LLC owners."
"https://www.form5472prep.com/blog/topics/non-resident-tax","false","200","","3","1","false","Non Resident Tax guides · Form5472 Prep","39","1 practical guides on Non Resident Tax for foreign-owned US LLC owners.","71","https://www.form5472prep.com/blog/topics/non-resident-tax","true","noindex, follow","","1","Non Resident Tax guides","100","CollectionPage;BreadcrumbList","71","1 practical guides on Non Resident Tax for foreign-owned US LLC owners."
"https://www.form5472prep.com/blog/topics/noncash-transactions","false","200","","3","1","false","Noncash Transactions guides · Form5472 Prep","43","1 practical guides on Noncash Transactions for foreign-owned US LLC owners.","75","https://www.form5472prep.com/blog/topics/noncash-transactions","true","noindex, follow","","1","Noncash Transactions guides","94","CollectionPage;BreadcrumbList","75","1 practical guides on Noncash Transactions for foreign-owned US LLC owners."
"https://www.form5472prep.com/blog/topics/nonresident","true","200","","3","4","false","Non-resident guides · Form5472 Prep","35","4 practical guides on Non-resident for foreign-owned US LLC owners.","67","https://www.form5472prep.com/blog/topics/nonresident","true","index, follow","","1","Non-resident guides","228","CollectionPage;BreadcrumbList","67","4 practical guides on Non-resident for foreign-owned US LLC owners."
"https://www.form5472prep.com/blog/topics/nonresident-alien","false","200","","3","1","false","Nonresident Alien guides · Form5472 Prep","40","1 practical guides on Nonresident Alien for foreign-owned US LLC owners.","72","https://www.form5472prep.com/blog/topics/nonresident-alien","true","noindex, follow","","1","Nonresident Alien guides","101","CollectionPage;BreadcrumbList","72","1 practical guides on Nonresident Alien for foreign-owned US LLC owners."
"https://www.form5472prep.com/blog/topics/nonresident-landlord","false","200","","3","1","false","Nonresident Landlord guides · Form5472 Prep","43","1 practical guides on Nonresident Landlord for foreign-owned US LLC owners.","75","https://www.form5472prep.com/blog/topics/nonresident-landlord","true","noindex, follow","","1","Nonresident Landlord guides","101","CollectionPage;BreadcrumbList","75","1 practical guides on Nonresident Landlord for foreign-owned US LLC owners."
"https://www.form5472prep.com/blog/topics/nonresident-spouse","false","200","","3","1","false","Nonresident Spouse guides · Form5472 Prep","41","1 practical guides on Nonresident Spouse for foreign-owned US LLC owners.","73","https://www.form5472prep.com/blog/topics/nonresident-spouse","true","noindex, follow","","1","Nonresident Spouse guides","106","CollectionPage;BreadcrumbList","73","1 practical guides on Nonresident Spouse for foreign-owned US LLC owners."
"https://www.form5472prep.com/blog/topics/operating-agreement","false","200","","3","1","false","Operating Agreement guides · Form5472 Prep","42","1 practical guides on Operating Agreement for foreign-owned US LLC owners.","74","https://www.form5472prep.com/blog/topics/operating-agreement","true","noindex, follow","","1","Operating Agreement guides","102","CollectionPage;BreadcrumbList","74","1 practical guides on Operating Agreement for foreign-owned US LLC owners."
"https://www.form5472prep.com/blog/topics/oregon-cat","false","200","","3","1","false","Oregon Cat guides · Form5472 Prep","33","1 practical guides on Oregon Cat for foreign-owned US LLC owners.","65","https://www.form5472prep.com/blog/topics/oregon-cat","true","noindex, follow","","1","Oregon Cat guides","98","CollectionPage;BreadcrumbList","65","1 practical guides on Oregon Cat for foreign-owned US LLC owners."
"https://www.form5472prep.com/blog/topics/oregon-llc","false","200","","3","1","false","Oregon Llc guides · Form5472 Prep","33","1 practical guides on Oregon Llc for foreign-owned US LLC owners.","65","https://www.form5472prep.com/blog/topics/oregon-llc","true","noindex, follow","","1","Oregon Llc guides","98","CollectionPage;BreadcrumbList","65","1 practical guides on Oregon Llc for foreign-owned US LLC owners."
"https://www.form5472prep.com/blog/topics/outsourcing","false","200","","3","1","false","Outsourcing guides · Form5472 Prep","34","1 practical guides on Outsourcing for foreign-owned US LLC owners.","66","https://www.form5472prep.com/blog/topics/outsourcing","true","noindex, follow","","1","Outsourcing guides","97","CollectionPage;BreadcrumbList","66","1 practical guides on Outsourcing for foreign-owned US LLC owners."
"https://www.form5472prep.com/blog/topics/owner-distributions","false","200","","3","2","false","Owner Distributions guides · Form5472 Prep","42","2 practical guides on Owner Distributions for foreign-owned US LLC owners.","74","https://www.form5472prep.com/blog/topics/owner-distributions","true","noindex, follow","","1","Owner Distributions guides","145","CollectionPage;BreadcrumbList","74","2 practical guides on Owner Distributions for foreign-owned US LLC owners."
"https://www.form5472prep.com/blog/topics/owner-loan","false","200","","3","1","false","Owner Loan guides · Form5472 Prep","33","1 practical guides on Owner Loan for foreign-owned US LLC owners.","65","https://www.form5472prep.com/blog/topics/owner-loan","true","noindex, follow","","1","Owner Loan guides","105","CollectionPage;BreadcrumbList","65","1 practical guides on Owner Loan for foreign-owned US LLC owners."
"https://www.form5472prep.com/blog/topics/owner-loans","false","200","","3","1","false","Owner Loans guides · Form5472 Prep","34","1 practical guides on Owner Loans for foreign-owned US LLC owners.","66","https://www.form5472prep.com/blog/topics/owner-loans","true","noindex, follow","","1","Owner Loans guides","91","CollectionPage;BreadcrumbList","66","1 practical guides on Owner Loans for foreign-owned US LLC owners."
"https://www.form5472prep.com/blog/topics/ownership-change","false","200","","3","1","false","Ownership Change guides · Form5472 Prep","39","1 practical guides on Ownership Change for foreign-owned US LLC owners.","71","https://www.form5472prep.com/blog/topics/ownership-change","true","noindex, follow","","1","Ownership Change guides","98","CollectionPage;BreadcrumbList","71","1 practical guides on Ownership Change for foreign-owned US LLC owners."
"https://www.form5472prep.com/blog/topics/pakistan","false","200","","3","1","false","Pakistan guides · Form5472 Prep","31","1 practical guides on Pakistan for foreign-owned US LLC owners.","63","https://www.form5472prep.com/blog/topics/pakistan","true","noindex, follow","","1","Pakistan guides","98","CollectionPage;BreadcrumbList","63","1 practical guides on Pakistan for foreign-owned US LLC owners."
"https://www.form5472prep.com/blog/topics/part-v","false","200","","3","2","false","Part V guides · Form5472 Prep","29","2 practical guides on Part V for foreign-owned US LLC owners.","61","https://www.form5472prep.com/blog/topics/part-v","true","noindex, follow","","1","Part V guides","132","CollectionPage;BreadcrumbList","61","2 practical guides on Part V for foreign-owned US LLC owners."
"https://www.form5472prep.com/blog/topics/partner-program","true","200","","3","289","false","Partner Program guides · Form5472 Prep","38","10 practical guides on Partner Program for foreign-owned US LLC owners.","71","https://www.form5472prep.com/blog/topics/partner-program","true","index, follow","","1","Partner Program guides","465","CollectionPage;BreadcrumbList","71","10 practical guides on Partner Program for foreign-owned US LLC owners."
"https://www.form5472prep.com/blog/topics/partnership","false","200","","3","1","false","Partnership guides · Form5472 Prep","34","1 practical guides on Partnership for foreign-owned US LLC owners.","66","https://www.form5472prep.com/blog/topics/partnership","true","noindex, follow","","1","Partnership guides","100","CollectionPage;BreadcrumbList","66","1 practical guides on Partnership for foreign-owned US LLC owners."
"https://www.form5472prep.com/blog/topics/passport","false","200","","3","1","false","Passport guides · Form5472 Prep","31","1 practical guides on Passport for foreign-owned US LLC owners.","63","https://www.form5472prep.com/blog/topics/passport","true","noindex, follow","","1","Passport guides","93","CollectionPage;BreadcrumbList","63","1 practical guides on Passport for foreign-owned US LLC owners."
"https://www.form5472prep.com/blog/topics/payment-processors","false","200","","3","1","false","Payment Processors guides · Form5472 Prep","41","1 practical guides on Payment Processors for foreign-owned US LLC owners.","73","https://www.form5472prep.com/blog/topics/payment-processors","true","noindex, follow","","1","Payment Processors guides","103","CollectionPage;BreadcrumbList","73","1 practical guides on Payment Processors for foreign-owned US LLC owners."
"https://www.form5472prep.com/blog/topics/paypal","false","200","","3","2","false","Paypal guides · Form5472 Prep","29","2 practical guides on Paypal for foreign-owned US LLC owners.","61","https://www.form5472prep.com/blog/topics/paypal","true","noindex, follow","","1","Paypal guides","134","CollectionPage;BreadcrumbList","61","2 practical guides on Paypal for foreign-owned US LLC owners."
"https://www.form5472prep.com/blog/topics/penalty","true","200","","3","5","false","Penalty guides · Form5472 Prep","30","5 practical guides on Penalty for foreign-owned US LLC owners.","62","https://www.form5472prep.com/blog/topics/penalty","true","index, follow","","1","Penalty guides","265","CollectionPage;BreadcrumbList","62","5 practical guides on Penalty for foreign-owned US LLC owners."
"https://www.form5472prep.com/blog/topics/penalty-abatement","false","200","","2","1","false","Penalty Abatement guides · Form5472 Prep","40","1 practical guides on Penalty Abatement for foreign-owned US LLC owners.","72","https://www.form5472prep.com/blog/topics/penalty-abatement","true","noindex, follow","","1","Penalty Abatement guides","104","CollectionPage;BreadcrumbList","72","1 practical guides on Penalty Abatement for foreign-owned US LLC owners."
"https://www.form5472prep.com/blog/topics/philippines","false","200","","3","1","false","Philippines guides · Form5472 Prep","34","1 practical guides on Philippines for foreign-owned US LLC owners.","66","https://www.form5472prep.com/blog/topics/philippines","true","noindex, follow","","1","Philippines guides","105","CollectionPage;BreadcrumbList","66","1 practical guides on Philippines for foreign-owned US LLC owners."
"https://www.form5472prep.com/blog/topics/portugal","false","200","","3","2","false","Portugal guides · Form5472 Prep","31","2 practical guides on Portugal for foreign-owned US LLC owners.","63","https://www.form5472prep.com/blog/topics/portugal","true","noindex, follow","","1","Portugal guides","145","CollectionPage;BreadcrumbList","63","2 practical guides on Portugal for foreign-owned US LLC owners."
"https://www.form5472prep.com/blog/topics/pricing","false","200","","3","1","false","Pricing guides · Form5472 Prep","30","1 practical guides on Pricing for foreign-owned US LLC owners.","62","https://www.form5472prep.com/blog/topics/pricing","true","noindex, follow","","1","Pricing guides","93","CollectionPage;BreadcrumbList","62","1 practical guides on Pricing for foreign-owned US LLC owners."
"https://www.form5472prep.com/blog/topics/print-on-demand","false","200","","3","1","false","Print On Demand guides · Form5472 Prep","38","1 practical guides on Print On Demand for foreign-owned US LLC owners.","70","https://www.form5472prep.com/blog/topics/print-on-demand","true","noindex, follow","","1","Print On Demand guides","96","CollectionPage;BreadcrumbList","70","1 practical guides on Print On Demand for foreign-owned US LLC owners."
"https://www.form5472prep.com/blog/topics/pro-forma-1120","true","200","","3","4","false","Pro forma 1120 guides · Form5472 Prep","37","4 practical guides on Pro forma 1120 for foreign-owned US LLC owners.","69","https://www.form5472prep.com/blog/topics/pro-forma-1120","true","index, follow","","1","Pro forma 1120 guides","228","CollectionPage;BreadcrumbList","69","4 practical guides on Pro forma 1120 for foreign-owned US LLC owners."
"https://www.form5472prep.com/blog/topics/property-transfers","false","200","","3","1","false","Property Transfers guides · Form5472 Prep","41","1 practical guides on Property Transfers for foreign-owned US LLC owners.","73","https://www.form5472prep.com/blog/topics/property-transfers","true","noindex, follow","","1","Property Transfers guides","94","CollectionPage;BreadcrumbList","73","1 practical guides on Property Transfers for foreign-owned US LLC owners."
"https://www.form5472prep.com/blog/topics/real-estate","false","200","","3","1","false","Real Estate guides · Form5472 Prep","34","1 practical guides on Real Estate for foreign-owned US LLC owners.","66","https://www.form5472prep.com/blog/topics/real-estate","true","noindex, follow","","1","Real Estate guides","102","CollectionPage;BreadcrumbList","66","1 practical guides on Real Estate for foreign-owned US LLC owners."
"https://www.form5472prep.com/blog/topics/reasonable-cause","true","200","","3","4","false","Reasonable Cause guides · Form5472 Prep","39","4 practical guides on Reasonable Cause for foreign-owned US LLC owners.","71","https://www.form5472prep.com/blog/topics/reasonable-cause","true","index, follow","","1","Reasonable Cause guides","228","CollectionPage;BreadcrumbList","71","4 practical guides on Reasonable Cause for foreign-owned US LLC owners."
"https://www.form5472prep.com/blog/topics/reasonable-estimates","false","200","","3","1","false","Reasonable Estimates guides · Form5472 Prep","43","1 practical guides on Reasonable Estimates for foreign-owned US LLC owners.","75","https://www.form5472prep.com/blog/topics/reasonable-estimates","true","noindex, follow","","1","Reasonable Estimates guides","98","CollectionPage;BreadcrumbList","75","1 practical guides on Reasonable Estimates for foreign-owned US LLC owners."
"https://www.form5472prep.com/blog/topics/recordkeeping","true","200","","3","294","false","Recordkeeping guides · Form5472 Prep","36","15 practical guides on Recordkeeping for foreign-owned US LLC owners.","69","https://www.form5472prep.com/blog/topics/recordkeeping","true","index, follow","","1","Recordkeeping guides","661","CollectionPage;BreadcrumbList","69","15 practical guides on Recordkeeping for foreign-owned US LLC owners."
"https://www.form5472prep.com/blog/topics/reference-id","false","200","","3","1","false","Reference Id guides · Form5472 Prep","35","1 practical guides on Reference Id for foreign-owned US LLC owners.","67","https://www.form5472prep.com/blog/topics/reference-id","true","noindex, follow","","1","Reference Id guides","95","CollectionPage;BreadcrumbList","67","1 practical guides on Reference Id for foreign-owned US LLC owners."
"https://www.form5472prep.com/blog/topics/reference-number-101","false","200","","3","1","false","Reference Number 101 guides · Form5472 Prep","43","1 practical guides on Reference Number 101 for foreign-owned US LLC owners.","75","https://www.form5472prep.com/blog/topics/reference-number-101","true","noindex, follow","","1","Reference Number 101 guides","98","CollectionPage;BreadcrumbList","75","1 practical guides on Reference Number 101 for foreign-owned US LLC owners."
"https://www.form5472prep.com/blog/topics/registered-agent","true","200","","3","3","false","Registered Agent guides · Form5472 Prep","39","3 practical guides on Registered Agent for foreign-owned US LLC owners.","71","https://www.form5472prep.com/blog/topics/registered-agent","true","index, follow","","1","Registered Agent guides","177","CollectionPage;BreadcrumbList","71","3 practical guides on Registered Agent for foreign-owned US LLC owners."
"https://www.form5472prep.com/blog/topics/registered-agents","false","200","","3","1","false","Registered Agents guides · Form5472 Prep","40","1 practical guides on Registered Agents for foreign-owned US LLC owners.","72","https://www.form5472prep.com/blog/topics/registered-agents","true","noindex, follow","","1","Registered Agents guides","96","CollectionPage;BreadcrumbList","72","1 practical guides on Registered Agents for foreign-owned US LLC owners."
"https://www.form5472prep.com/blog/topics/reimbursements","false","200","","3","1","false","Reimbursements guides · Form5472 Prep","37","1 practical guides on Reimbursements for foreign-owned US LLC owners.","69","https://www.form5472prep.com/blog/topics/reimbursements","true","noindex, follow","","1","Reimbursements guides","89","CollectionPage;BreadcrumbList","69","1 practical guides on Reimbursements for foreign-owned US LLC owners."
"https://www.form5472prep.com/blog/topics/related-parties","true","200","","3","5","false","Related Parties guides · Form5472 Prep","38","5 practical guides on Related Parties for foreign-owned US LLC owners.","70","https://www.form5472prep.com/blog/topics/related-parties","true","index, follow","","1","Related Parties guides","262","CollectionPage;BreadcrumbList","70","5 practical guides on Related Parties for foreign-owned US LLC owners."
"https://www.form5472prep.com/blog/topics/related-party","false","200","","3","1","false","Related Party guides · Form5472 Prep","36","1 practical guides on Related Party for foreign-owned US LLC owners.","68","https://www.form5472prep.com/blog/topics/related-party","true","noindex, follow","","1","Related Party guides","95","CollectionPage;BreadcrumbList","68","1 practical guides on Related Party for foreign-owned US LLC owners."
"https://www.form5472prep.com/blog/topics/related-party-debt","false","200","","3","1","false","Related Party Debt guides · Form5472 Prep","41","1 practical guides on Related Party Debt for foreign-owned US LLC owners.","73","https://www.form5472prep.com/blog/topics/related-party-debt","true","noindex, follow","","1","Related Party Debt guides","107","CollectionPage;BreadcrumbList","73","1 practical guides on Related Party Debt for foreign-owned US LLC owners."
"https://www.form5472prep.com/blog/topics/related-party-services","false","200","","3","1","false","Related Party Services guides · Form5472 Prep","45","1 practical guides on Related Party Services for foreign-owned US LLC owners.","77","https://www.form5472prep.com/blog/topics/related-party-services","true","noindex, follow","","1","Related Party Services guides","100","CollectionPage;BreadcrumbList","77","1 practical guides on Related Party Services for foreign-owned US LLC owners."
"https://www.form5472prep.com/blog/topics/relay","false","200","","3","1","false","Relay guides · Form5472 Prep","28","1 practical guides on Relay for foreign-owned US LLC owners.","60","https://www.form5472prep.com/blog/topics/relay","true","noindex, follow","","1","Relay guides","96","CollectionPage;BreadcrumbList","60","1 practical guides on Relay for foreign-owned US LLC owners."
"https://www.form5472prep.com/blog/topics/rental-property","false","200","","3","1","false","Rental Property guides · Form5472 Prep","38","1 practical guides on Rental Property for foreign-owned US LLC owners.","70","https://www.form5472prep.com/blog/topics/rental-property","true","noindex, follow","","1","Rental Property guides","102","CollectionPage;BreadcrumbList","70","1 practical guides on Rental Property for foreign-owned US LLC owners."
"https://www.form5472prep.com/blog/topics/reportable-transactions","false","200","","3","2","false","Reportable Transactions guides · Form5472 Prep","46","2 practical guides on Reportable Transactions for foreign-owned US LLC owners.","78","https://www.form5472prep.com/blog/topics/reportable-transactions","true","noindex, follow","","1","Reportable Transactions guides","141","CollectionPage;BreadcrumbList","78","2 practical guides on Reportable Transactions for foreign-owned US LLC owners."
"https://www.form5472prep.com/blog/topics/responsible-party","false","200","","3","2","false","Responsible Party guides · Form5472 Prep","40","2 practical guides on Responsible Party for foreign-owned US LLC owners.","72","https://www.form5472prep.com/blog/topics/responsible-party","true","noindex, follow","","1","Responsible Party guides","146","CollectionPage;BreadcrumbList","72","2 practical guides on Responsible Party for foreign-owned US LLC owners."
"https://www.form5472prep.com/blog/topics/rfc","false","200","","3","1","false","Rfc guides · Form5472 Prep","26","1 practical guides on Rfc for foreign-owned US LLC owners.","58","https://www.form5472prep.com/blog/topics/rfc","true","noindex, follow","","1","Rfc guides","96","CollectionPage;BreadcrumbList","58","1 practical guides on Rfc for foreign-owned US LLC owners."
"https://www.form5472prep.com/blog/topics/royalties","false","200","","3","1","false","Royalties guides · Form5472 Prep","32","1 practical guides on Royalties for foreign-owned US LLC owners.","64","https://www.form5472prep.com/blog/topics/royalties","true","noindex, follow","","1","Royalties guides","94","CollectionPage;BreadcrumbList","64","1 practical guides on Royalties for foreign-owned US LLC owners."
"https://www.form5472prep.com/blog/topics/saas","false","200","","3","1","false","Saas guides · Form5472 Prep","27","1 practical guides on Saas for foreign-owned US LLC owners.","59","https://www.form5472prep.com/blog/topics/saas","true","noindex, follow","","1","Saas guides","93","CollectionPage;BreadcrumbList","59","1 practical guides on Saas for foreign-owned US LLC owners."
"https://www.form5472prep.com/blog/topics/sales-tax","false","200","","3","1","false","Sales Tax guides · Form5472 Prep","32","1 practical guides on Sales Tax for foreign-owned US LLC owners.","64","https://www.form5472prep.com/blog/topics/sales-tax","true","noindex, follow","","1","Sales Tax guides","102","CollectionPage;BreadcrumbList","64","1 practical guides on Sales Tax for foreign-owned US LLC owners."
"https://www.form5472prep.com/blog/topics/shopify","false","200","","3","1","false","Shopify guides · Form5472 Prep","30","1 practical guides on Shopify for foreign-owned US LLC owners.","62","https://www.form5472prep.com/blog/topics/shopify","true","noindex, follow","","1","Shopify guides","93","CollectionPage;BreadcrumbList","62","1 practical guides on Shopify for foreign-owned US LLC owners."
"https://www.form5472prep.com/blog/topics/short-tax-year","false","200","","3","1","false","Short Tax Year guides · Form5472 Prep","37","1 practical guides on Short Tax Year for foreign-owned US LLC owners.","69","https://www.form5472prep.com/blog/topics/short-tax-year","true","noindex, follow","","1","Short Tax Year guides","111","CollectionPage;BreadcrumbList","69","1 practical guides on Short Tax Year for foreign-owned US LLC owners."
"https://www.form5472prep.com/blog/topics/short-term-rental","false","200","","3","1","false","Short Term Rental guides · Form5472 Prep","40","1 practical guides on Short Term Rental for foreign-owned US LLC owners.","72","https://www.form5472prep.com/blog/topics/short-term-rental","true","noindex, follow","","1","Short Term Rental guides","100","CollectionPage;BreadcrumbList","72","1 practical guides on Short Term Rental for foreign-owned US LLC owners."
"https://www.form5472prep.com/blog/topics/signature","false","200","","3","1","false","Signature guides · Form5472 Prep","32","1 practical guides on Signature for foreign-owned US LLC owners.","64","https://www.form5472prep.com/blog/topics/signature","true","noindex, follow","","1","Signature guides","98","CollectionPage;BreadcrumbList","64","1 practical guides on Signature for foreign-owned US LLC owners."
"https://www.form5472prep.com/blog/topics/singapore","false","200","","3","1","false","Singapore guides · Form5472 Prep","32","1 practical guides on Singapore for foreign-owned US LLC owners.","64","https://www.form5472prep.com/blog/topics/singapore","true","noindex, follow","","1","Singapore guides","97","CollectionPage;BreadcrumbList","64","1 practical guides on Singapore for foreign-owned US LLC owners."
"https://www.form5472prep.com/blog/topics/small-transactions","false","200","","3","1","false","Small Transactions guides · Form5472 Prep","41","1 practical guides on Small Transactions for foreign-owned US LLC owners.","73","https://www.form5472prep.com/blog/topics/small-transactions","true","noindex, follow","","1","Small Transactions guides","98","CollectionPage;BreadcrumbList","73","1 practical guides on Small Transactions for foreign-owned US LLC owners."
"https://www.form5472prep.com/blog/topics/south-korea","false","200","","3","1","false","South Korea guides · Form5472 Prep","34","1 practical guides on South Korea for foreign-owned US LLC owners.","66","https://www.form5472prep.com/blog/topics/south-korea","true","noindex, follow","","1","South Korea guides","106","CollectionPage;BreadcrumbList","66","1 practical guides on South Korea for foreign-owned US LLC owners."
"https://www.form5472prep.com/blog/topics/spain","false","200","","3","2","false","Spain guides · Form5472 Prep","28","2 practical guides on Spain for foreign-owned US LLC owners.","60","https://www.form5472prep.com/blog/topics/spain","true","noindex, follow","","1","Spain guides","134","CollectionPage;BreadcrumbList","60","2 practical guides on Spain for foreign-owned US LLC owners."
"https://www.form5472prep.com/blog/topics/ss-4","false","200","","3","1","false","Ss 4 guides · Form5472 Prep","27","1 practical guides on Ss 4 for foreign-owned US LLC owners.","59","https://www.form5472prep.com/blog/topics/ss-4","true","noindex, follow","","1","Ss 4 guides","112","CollectionPage;BreadcrumbList","59","1 practical guides on Ss 4 for foreign-owned US LLC owners."
"https://www.form5472prep.com/blog/topics/state-compliance","false","200","","3","1","false","State Compliance guides · Form5472 Prep","39","1 practical guides on State Compliance for foreign-owned US LLC owners.","71","https://www.form5472prep.com/blog/topics/state-compliance","true","noindex, follow","","1","State Compliance guides","99","CollectionPage;BreadcrumbList","71","1 practical guides on State Compliance for foreign-owned US LLC owners."
"https://www.form5472prep.com/blog/topics/state-fees","false","200","","3","1","false","State Fees guides · Form5472 Prep","33","1 practical guides on State Fees for foreign-owned US LLC owners.","65","https://www.form5472prep.com/blog/topics/state-fees","true","noindex, follow","","1","State Fees guides","99","CollectionPage;BreadcrumbList","65","1 practical guides on State Fees for foreign-owned US LLC owners."
"https://www.form5472prep.com/blog/topics/statement","false","200","","3","1","false","Statement guides · Form5472 Prep","32","1 practical guides on Statement for foreign-owned US LLC owners.","64","https://www.form5472prep.com/blog/topics/statement","true","noindex, follow","","1","Statement guides","91","CollectionPage;BreadcrumbList","64","1 practical guides on Statement for foreign-owned US LLC owners."
"https://www.form5472prep.com/blog/topics/statute-of-limitations","false","200","","3","1","false","Statute Of Limitations guides · Form5472 Prep","45","1 practical guides on Statute Of Limitations for foreign-owned US LLC owners.","77","https://www.form5472prep.com/blog/topics/statute-of-limitations","true","noindex, follow","","1","Statute Of Limitations guides","102","CollectionPage;BreadcrumbList","77","1 practical guides on Statute Of Limitations for foreign-owned US LLC owners."
"https://www.form5472prep.com/blog/topics/stripe","false","200","","3","2","false","Stripe guides · Form5472 Prep","29","2 practical guides on Stripe for foreign-owned US LLC owners.","61","https://www.form5472prep.com/blog/topics/stripe","true","noindex, follow","","1","Stripe guides","134","CollectionPage;BreadcrumbList","61","2 practical guides on Stripe for foreign-owned US LLC owners."
"https://www.form5472prep.com/blog/topics/stripe-atlas","false","200","","3","1","false","Stripe Atlas guides · Form5472 Prep","35","1 practical guides on Stripe Atlas for foreign-owned US LLC owners.","67","https://www.form5472prep.com/blog/topics/stripe-atlas","true","noindex, follow","","1","Stripe Atlas guides","106","CollectionPage;BreadcrumbList","67","1 practical guides on Stripe Atlas for foreign-owned US LLC owners."
"https://www.form5472prep.com/blog/topics/substantial-presence-test","false","200","","3","1","false","Substantial Presence Test guides · Form5472 Prep","48","1 practical guides on Substantial Presence Test for foreign-owned US LLC owners.","80","https://www.form5472prep.com/blog/topics/substantial-presence-test","true","noindex, follow","","1","Substantial Presence Test guides","101","CollectionPage;BreadcrumbList","80","1 practical guides on Substantial Presence Test for foreign-owned US LLC owners."
"https://www.form5472prep.com/blog/topics/switzerland","false","200","","3","1","false","Switzerland guides · Form5472 Prep","34","1 practical guides on Switzerland for foreign-owned US LLC owners.","66","https://www.form5472prep.com/blog/topics/switzerland","true","noindex, follow","","1","Switzerland guides","95","CollectionPage;BreadcrumbList","66","1 practical guides on Switzerland for foreign-owned US LLC owners."
"https://www.form5472prep.com/blog/topics/taiwan","false","200","","3","1","false","Taiwan guides · Form5472 Prep","29","1 practical guides on Taiwan for foreign-owned US LLC owners.","61","https://www.form5472prep.com/blog/topics/taiwan","true","noindex, follow","","1","Taiwan guides","102","CollectionPage;BreadcrumbList","61","1 practical guides on Taiwan for foreign-owned US LLC owners."
"https://www.form5472prep.com/blog/topics/tax-id","false","200","","3","2","false","Tax Id guides · Form5472 Prep","29","2 practical guides on Tax Id for foreign-owned US LLC owners.","61","https://www.form5472prep.com/blog/topics/tax-id","true","noindex, follow","","1","Tax Id guides","131","CollectionPage;BreadcrumbList","61","2 practical guides on Tax Id for foreign-owned US LLC owners."
"https://www.form5472prep.com/blog/topics/tax-preparer","false","200","","3","1","false","Tax Preparer guides · Form5472 Prep","35","1 practical guides on Tax Preparer for foreign-owned US LLC owners.","67","https://www.form5472prep.com/blog/topics/tax-preparer","true","noindex, follow","","1","Tax Preparer guides","95","CollectionPage;BreadcrumbList","67","1 practical guides on Tax Preparer for foreign-owned US LLC owners."
"https://www.form5472prep.com/blog/topics/tax-preparer-credentials","false","200","","3","1","false","Tax Preparer Credentials guides · Form5472 Prep","47","1 practical guides on Tax Preparer Credentials for foreign-owned US LLC owners.","79","https://www.form5472prep.com/blog/topics/tax-preparer-credentials","true","noindex, follow","","1","Tax Preparer Credentials guides","108","CollectionPage;BreadcrumbList","79","1 practical guides on Tax Preparer Credentials for foreign-owned US LLC owners."
"https://www.form5472prep.com/blog/topics/tax-residency","true","200","","3","3","false","Tax Residency guides · Form5472 Prep","36","3 practical guides on Tax Residency for foreign-owned US LLC owners.","68","https://www.form5472prep.com/blog/topics/tax-residency","true","index, follow","","1","Tax Residency guides","188","CollectionPage;BreadcrumbList","68","3 practical guides on Tax Residency for foreign-owned US LLC owners."
"https://www.form5472prep.com/blog/topics/tax-treaty","true","200","","3","3","false","Tax Treaty guides · Form5472 Prep","33","3 practical guides on Tax Treaty for foreign-owned US LLC owners.","65","https://www.form5472prep.com/blog/topics/tax-treaty","true","index, follow","","1","Tax Treaty guides","190","CollectionPage;BreadcrumbList","65","3 practical guides on Tax Treaty for foreign-owned US LLC owners."
"https://www.form5472prep.com/blog/topics/taxpayer-assistance-center","false","200","","3","1","false","Taxpayer Assistance Center guides · Form5472 Prep","49","1 practical guides on Taxpayer Assistance Center for foreign-owned US LLC owners.","81","https://www.form5472prep.com/blog/topics/taxpayer-assistance-center","true","noindex, follow","","1","Taxpayer Assistance Center guides","97","CollectionPage;BreadcrumbList","81","1 practical guides on Taxpayer Assistance Center for foreign-owned US LLC owners."
"https://www.form5472prep.com/blog/topics/template","false","200","","3","1","false","Template guides · Form5472 Prep","31","1 practical guides on Template for foreign-owned US LLC owners.","63","https://www.form5472prep.com/blog/topics/template","true","noindex, follow","","1","Template guides","91","CollectionPage;BreadcrumbList","63","1 practical guides on Template for foreign-owned US LLC owners."
"https://www.form5472prep.com/blog/topics/texas-llc","false","200","","3","1","false","Texas Llc guides · Form5472 Prep","32","1 practical guides on Texas Llc for foreign-owned US LLC owners.","64","https://www.form5472prep.com/blog/topics/texas-llc","true","noindex, follow","","1","Texas Llc guides","98","CollectionPage;BreadcrumbList","64","1 practical guides on Texas Llc for foreign-owned US LLC owners."
"https://www.form5472prep.com/blog/topics/thailand","true","200","","3","3","false","Thailand guides · Form5472 Prep","31","3 practical guides on Thailand for foreign-owned US LLC owners.","63","https://www.form5472prep.com/blog/topics/thailand","true","index, follow","","1","Thailand guides","178","CollectionPage;BreadcrumbList","63","3 practical guides on Thailand for foreign-owned US LLC owners."
"https://www.form5472prep.com/blog/topics/third-party-designee","false","200","","3","1","false","Third Party Designee guides · Form5472 Prep","43","1 practical guides on Third Party Designee for foreign-owned US LLC owners.","75","https://www.form5472prep.com/blog/topics/third-party-designee","true","noindex, follow","","1","Third Party Designee guides","104","CollectionPage;BreadcrumbList","75","1 practical guides on Third Party Designee for foreign-owned US LLC owners."
"https://www.form5472prep.com/blog/topics/total-assets","false","200","","3","1","false","Total Assets guides · Form5472 Prep","35","1 practical guides on Total Assets for foreign-owned US LLC owners.","67","https://www.form5472prep.com/blog/topics/total-assets","true","noindex, follow","","1","Total Assets guides","99","CollectionPage;BreadcrumbList","67","1 practical guides on Total Assets for foreign-owned US LLC owners."
"https://www.form5472prep.com/blog/topics/transfer-pricing","false","200","","3","1","false","Transfer Pricing guides · Form5472 Prep","39","1 practical guides on Transfer Pricing for foreign-owned US LLC owners.","71","https://www.form5472prep.com/blog/topics/transfer-pricing","true","noindex, follow","","1","Transfer Pricing guides","98","CollectionPage;BreadcrumbList","71","1 practical guides on Transfer Pricing for foreign-owned US LLC owners."
"https://www.form5472prep.com/blog/topics/turkey","false","200","","3","1","false","Turkey guides · Form5472 Prep","29","1 practical guides on Turkey for foreign-owned US LLC owners.","61","https://www.form5472prep.com/blog/topics/turkey","true","noindex, follow","","1","Turkey guides","103","CollectionPage;BreadcrumbList","61","1 practical guides on Turkey for foreign-owned US LLC owners."
"https://www.form5472prep.com/blog/topics/uae","true","200","","3","3","false","Uae guides · Form5472 Prep","26","3 practical guides on Uae for foreign-owned US LLC owners.","58","https://www.form5472prep.com/blog/topics/uae","true","index, follow","","1","Uae guides","197","CollectionPage;BreadcrumbList","58","3 practical guides on Uae for foreign-owned US LLC owners."
"https://www.form5472prep.com/blog/topics/uk-residents","false","200","","3","1","false","Uk Residents guides · Form5472 Prep","35","1 practical guides on Uk Residents for foreign-owned US LLC owners.","67","https://www.form5472prep.com/blog/topics/uk-residents","true","noindex, follow","","1","Uk Residents guides","98","CollectionPage;BreadcrumbList","67","1 practical guides on Uk Residents for foreign-owned US LLC owners."
"https://www.form5472prep.com/blog/topics/upwork","false","200","","3","1","false","Upwork guides · Form5472 Prep","29","1 practical guides on Upwork for foreign-owned US LLC owners.","61","https://www.form5472prep.com/blog/topics/upwork","true","noindex, follow","","1","Upwork guides","101","CollectionPage;BreadcrumbList","61","1 practical guides on Upwork for foreign-owned US LLC owners."
"https://www.form5472prep.com/blog/topics/us-bank-account","false","200","","3","1","false","Us Bank Account guides · Form5472 Prep","38","1 practical guides on Us Bank Account for foreign-owned US LLC owners.","70","https://www.form5472prep.com/blog/topics/us-bank-account","true","noindex, follow","","1","Us Bank Account guides","102","CollectionPage;BreadcrumbList","70","1 practical guides on Us Bank Account for foreign-owned US LLC owners."
"https://www.form5472prep.com/blog/topics/us-brazil-tax","false","200","","3","1","false","Us Brazil Tax guides · Form5472 Prep","36","1 practical guides on Us Brazil Tax for foreign-owned US LLC owners.","68","https://www.form5472prep.com/blog/topics/us-brazil-tax","true","noindex, follow","","1","Us Brazil Tax guides","101","CollectionPage;BreadcrumbList","68","1 practical guides on Us Brazil Tax for foreign-owned US LLC owners."
"https://www.form5472prep.com/blog/topics/us-china-tax-treaty","false","200","","3","1","false","Us China Tax Treaty guides · Form5472 Prep","42","1 practical guides on Us China Tax Treaty for foreign-owned US LLC owners.","74","https://www.form5472prep.com/blog/topics/us-china-tax-treaty","true","noindex, follow","","1","Us China Tax Treaty guides","102","CollectionPage;BreadcrumbList","74","1 practical guides on Us China Tax Treaty for foreign-owned US LLC owners."
"https://www.form5472prep.com/blog/topics/us-rental-property","false","200","","3","1","false","Us Rental Property guides · Form5472 Prep","41","1 practical guides on Us Rental Property for foreign-owned US LLC owners.","73","https://www.form5472prep.com/blog/topics/us-rental-property","true","noindex, follow","","1","Us Rental Property guides","103","CollectionPage;BreadcrumbList","73","1 practical guides on Us Rental Property for foreign-owned US LLC owners."
"https://www.form5472prep.com/blog/topics/us-tax","false","200","","2","2","false","US tax guides · Form5472 Prep","29","2 practical guides on US tax for foreign-owned US LLC owners.","61","https://www.form5472prep.com/blog/topics/us-tax","true","noindex, follow","","1","US tax guides","149","CollectionPage;BreadcrumbList","61","2 practical guides on US tax for foreign-owned US LLC owners."
"https://www.form5472prep.com/blog/topics/vietnam","false","200","","3","1","false","Vietnam guides · Form5472 Prep","30","1 practical guides on Vietnam for foreign-owned US LLC owners.","62","https://www.form5472prep.com/blog/topics/vietnam","true","noindex, follow","","1","Vietnam guides","99","CollectionPage;BreadcrumbList","62","1 practical guides on Vietnam for foreign-owned US LLC owners."
"https://www.form5472prep.com/blog/topics/w-8ben","false","200","","3","2","false","W 8ben guides · Form5472 Prep","29","2 practical guides on W 8ben for foreign-owned US LLC owners.","61","https://www.form5472prep.com/blog/topics/w-8ben","true","noindex, follow","","1","W 8ben guides","135","CollectionPage;BreadcrumbList","61","2 practical guides on W 8ben for foreign-owned US LLC owners."
"https://www.form5472prep.com/blog/topics/w-9","false","200","","3","1","false","W 9 guides · Form5472 Prep","26","1 practical guides on W 9 for foreign-owned US LLC owners.","58","https://www.form5472prep.com/blog/topics/w-9","true","noindex, follow","","1","W 9 guides","97","CollectionPage;BreadcrumbList","58","1 practical guides on W 9 for foreign-owned US LLC owners."
"https://www.form5472prep.com/blog/topics/washington-llc","false","200","","3","1","false","Washington Llc guides · Form5472 Prep","37","1 practical guides on Washington Llc for foreign-owned US LLC owners.","69","https://www.form5472prep.com/blog/topics/washington-llc","true","noindex, follow","","1","Washington Llc guides","99","CollectionPage;BreadcrumbList","69","1 practical guides on Washington Llc for foreign-owned US LLC owners."
"https://www.form5472prep.com/blog/topics/white-label","true","200","","3","4","false","White label guides · Form5472 Prep","34","4 practical guides on White label for foreign-owned US LLC owners.","66","https://www.form5472prep.com/blog/topics/white-label","true","index, follow","","1","White label guides","200","CollectionPage;BreadcrumbList","66","4 practical guides on White label for foreign-owned US LLC owners."
"https://www.form5472prep.com/blog/topics/white-label-tax-preparation","false","200","","3","1","false","White Label Tax Preparation guides · Form5472 Prep","50","1 practical guides on White Label Tax Preparation for foreign-owned US LLC owners.","82","https://www.form5472prep.com/blog/topics/white-label-tax-preparation","true","noindex, follow","","1","White Label Tax Preparation guides","100","CollectionPage;BreadcrumbList","82","1 practical guides on White Label Tax Preparation for foreign-owned US LLC owners."
"https://www.form5472prep.com/blog/topics/wise","false","200","","3","2","false","Wise guides · Form5472 Prep","27","2 practical guides on Wise for foreign-owned US LLC owners.","59","https://www.form5472prep.com/blog/topics/wise","true","noindex, follow","","1","Wise guides","134","CollectionPage;BreadcrumbList","59","2 practical guides on Wise for foreign-owned US LLC owners."
"https://www.form5472prep.com/blog/topics/withholding","false","200","","3","2","false","Withholding guides · Form5472 Prep","34","2 practical guides on Withholding for foreign-owned US LLC owners.","66","https://www.form5472prep.com/blog/topics/withholding","true","noindex, follow","","1","Withholding guides","133","CollectionPage;BreadcrumbList","66","2 practical guides on Withholding for foreign-owned US LLC owners."
"https://www.form5472prep.com/blog/topics/withholding-tax","false","200","","3","1","false","Withholding Tax guides · Form5472 Prep","38","1 practical guides on Withholding Tax for foreign-owned US LLC owners.","70","https://www.form5472prep.com/blog/topics/withholding-tax","true","noindex, follow","","1","Withholding Tax guides","101","CollectionPage;BreadcrumbList","70","1 practical guides on Withholding Tax for foreign-owned US LLC owners."
"https://www.form5472prep.com/blog/topics/workation-visa","false","200","","3","1","false","Workation Visa guides · Form5472 Prep","37","1 practical guides on Workation Visa for foreign-owned US LLC owners.","69","https://www.form5472prep.com/blog/topics/workation-visa","true","noindex, follow","","1","Workation Visa guides","106","CollectionPage;BreadcrumbList","69","1 practical guides on Workation Visa for foreign-owned US LLC owners."
"https://www.form5472prep.com/blog/topics/wyoming-llc","false","200","","3","2","false","Wyoming Llc guides · Form5472 Prep","34","2 practical guides on Wyoming Llc for foreign-owned US LLC owners.","66","https://www.form5472prep.com/blog/topics/wyoming-llc","true","noindex, follow","","1","Wyoming Llc guides","143","CollectionPage;BreadcrumbList","66","2 practical guides on Wyoming Llc for foreign-owned US LLC owners."
"https://www.form5472prep.com/blog/topics/year-end-cutoff","false","200","","3","1","false","Year End Cutoff guides · Form5472 Prep","38","1 practical guides on Year End Cutoff for foreign-owned US LLC owners.","70","https://www.form5472prep.com/blog/topics/year-end-cutoff","true","noindex, follow","","1","Year End Cutoff guides","101","CollectionPage;BreadcrumbList","70","1 practical guides on Year End Cutoff for foreign-owned US LLC owners."
"https://www.form5472prep.com/blog/topics/youtube-creators","false","200","","3","1","false","Youtube Creators guides · Form5472 Prep","39","1 practical guides on Youtube Creators for foreign-owned US LLC owners.","71","https://www.form5472prep.com/blog/topics/youtube-creators","true","noindex, follow","","1","Youtube Creators guides","98","CollectionPage;BreadcrumbList","71","1 practical guides on Youtube Creators for foreign-owned US LLC owners."
"https://www.form5472prep.com/blog/us-bank-account-foreign-owned-llc","true","200","","2","8","false","US Bank Account for a Foreign-Owned LLC · Form5472 Prep","55","A foreign-owned LLC can often open a US business account after getting an EIN. See the documents, remote options and Form 5472 record trail.","140","https://www.form5472prep.com/blog/us-bank-account-foreign-owned-llc","true","index, follow","","1","US Bank Account for a Foreign-Owned LLC","2468","BlogPosting;Organization;BreadcrumbList;FAQPage;HowTo","140","A foreign-owned LLC can often open a US business account after getting an EIN. See the documents, remote options and Form 5472 record trail."
"https://www.form5472prep.com/blog/us-llc-paying-foreign-contractors-tax-forms","true","200","","2","7","false","U.S. LLC Paying Foreign Contractors: Tax Forms and Form 5472 · Form5472 Prep","76","A payer-side guide to W-8 and W-9 documentation, work-location sourcing, Form 1099, Form 1042-S, and related-party Form 5472 checks.","132","https://www.form5472prep.com/blog/us-llc-paying-foreign-contractors-tax-forms","true","index, follow","","1","U.S. LLC Paying Foreign Contractors: Tax Forms and Form 5472","1426","BlogPosting;Organization;BreadcrumbList;FAQPage","132","A payer-side guide to W-8 and W-9 documentation, work-location sourcing, Form 1099, Form 1042-S, and related-party Form 5472 checks."
"https://www.form5472prep.com/blog/us-llc-tax-free-digital-nomads-myth","true","200","","2","7","false","Is a US LLC Really Tax-Free for Digital Nomads? · Form5472 Prep","63","Often no US income tax, but never no US filing: the LLC still owes Form 5472 with a $25,000 penalty, and your residence country may tax the profit.","147","https://www.form5472prep.com/blog/us-llc-tax-free-digital-nomads-myth","true","index, follow","","1","Is a US LLC Really Tax-Free for Digital Nomads?","2519","BlogPosting;Organization;BreadcrumbList;FAQPage;HowTo","147","Often no US income tax, but never no US filing: the LLC still owes Form 5472 with a $25,000 penalty, and your residence country may"
"https://www.form5472prep.com/blog/us-llc-vs-estonia-ou-vs-uae-company-digital-nomads","true","200","","2","7","false","US LLC vs Estonian OÜ vs UAE Free-Zone Company: Annual Filing Burden · Form5472 Prep","84","What a US LLC, an Estonian OÜ and a UAE free-zone company each file every year, where and by when, sourced to the IRS, Estonia and the UAE.","139","https://www.form5472prep.com/blog/us-llc-vs-estonia-ou-vs-uae-company-digital-nomads","true","index, follow","","1","US LLC vs Estonian OÜ vs UAE Free-Zone Company: Annual Filing Burden","2426","BlogPosting;Organization;BreadcrumbList;FAQPage;HowTo","139","What a US LLC, an Estonian OÜ and a UAE free-zone company each file every year, where and by when, sourced to the IRS, Estonia"
"https://www.form5472prep.com/blog/w8ben-vs-w9-foreign-owned-llc","true","200","","2","12","false","W-8BEN or W-9 for a Foreign-Owned LLC? · Form5472 Prep","54","A disregarded LLC uses its foreign owner's tax form, not automatically W-9. Choose W-8BEN or W-8BEN-E correctly and keep Form 5472 separate.","140","https://www.form5472prep.com/blog/w8ben-vs-w9-foreign-owned-llc","true","index, follow","","1","W-8BEN or W-9 for a Foreign-Owned LLC?","2301","BlogPosting;Organization;BreadcrumbList;FAQPage","140","A disregarded LLC uses its foreign owner's tax form, not automatically W-9. Choose W-8BEN or W-8BEN-E correctly and keep Form 5472 separate."
"https://www.form5472prep.com/blog/washington-llc-foreign-owner-tax-filing","true","200","","2","5","false","Washington LLC Foreign Owner Tax Filing Requirements · Form5472 Prep","68","A foreign owner of a Washington LLC may face a state annual report, B&O and sales-tax registration, plus the separate federal Form 5472 filing.","143","https://www.form5472prep.com/blog/washington-llc-foreign-owner-tax-filing","true","index, follow","","1","Washington LLC Foreign Owner Tax Filing Requirements","1198","BlogPosting;Organization;BreadcrumbList;FAQPage","143","A foreign owner of a Washington LLC may face a state annual report, B&O and sales-tax registration, plus the separate federal Form 5472 filing."
"https://www.form5472prep.com/blog/what-is-form-5472","true","200","","1","15","false","What Is IRS Form 5472? A Jargon-Free Guide · Form5472 Prep","58","Form 5472 is an IRS return foreign-owned US LLCs must file yearly, even with zero revenue. See who must file it and what a missed filing actually costs.","152","https://www.form5472prep.com/blog/what-is-form-5472","true","index, follow","","1","What Is IRS Form 5472? A Jargon-Free Guide","1833","BlogPosting;Organization;BreadcrumbList;FAQPage","152","Form 5472 is an IRS return foreign-owned US LLCs must file yearly, even with zero revenue. See who must file it and what a missed"
"https://www.form5472prep.com/blog/when-nonresident-actually-needs-itin","true","200","","2","8","false","When Does a Nonresident Actually Need an ITIN? · Form5472 Prep","62","Many nonresidents do not need an ITIN. Use this decision guide to separate real US tax needs from LLC, EIN, banking and Form 5472 myths.","136","https://www.form5472prep.com/blog/when-nonresident-actually-needs-itin","true","index, follow","","1","When Does a Nonresident Actually Need an ITIN?","2551","BlogPosting;Organization;BreadcrumbList;FAQPage;HowTo","136","Many nonresidents do not need an ITIN. Use this decision guide to separate real US tax needs from LLC, EIN, banking and Form 5472 myths."
"https://www.form5472prep.com/blog/white-label-form-5472-filing-accounting-firms","true","200","","2","5","false","White-Label Form 5472 Filing for Accounting Firms · Form5472 Prep","65","Accounting firms can add specialist Form 5472 preparation under their own brand while keeping the client relationship and review workflow clear.","144","https://www.form5472prep.com/blog/white-label-form-5472-filing-accounting-firms","true","index, follow","","1","White-Label Form 5472 Filing for Accounting Firms","1146","BlogPosting;Organization;BreadcrumbList","144","Accounting firms can add specialist Form 5472 preparation under their own brand while keeping the client relationship and review workflow clear."
"https://www.form5472prep.com/blog/wyoming-llc-foreign-owner-tax-filing","true","200","","2","10","false","Wyoming LLC Foreign-Owner Filing Checklist · Form5472 Prep","58","Wyoming has no state income tax, but a foreign-owned Wyoming LLC still owes an annual report and, in most cases, Form 5472 backed by a $25,000 penalty.","151","https://www.form5472prep.com/blog/wyoming-llc-foreign-owner-tax-filing","true","index, follow","","1","Wyoming LLC Foreign-Owner Filing Checklist","2431","BlogPosting;Organization;BreadcrumbList;FAQPage;HowTo","151","Wyoming has no state income tax, but a foreign-owned Wyoming LLC still owes an annual report and, in most cases, Form 5472 backed by a"
"https://www.form5472prep.com/blog/wyoming-vs-new-mexico-vs-delaware-llc-digital-nomads","true","200","","2","8","false","Wyoming vs New Mexico vs Delaware LLC for Digital Nomads · Form5472 Prep","72","Form 5472 is identical in Wyoming, New Mexico and Delaware. Only state paperwork and cost differ. See each state's figure, due date and source.","143","https://www.form5472prep.com/blog/wyoming-vs-new-mexico-vs-delaware-llc-digital-nomads","true","index, follow","","1","Wyoming vs New Mexico vs Delaware LLC for Digital Nomads","2526","BlogPosting;Organization;BreadcrumbList;FAQPage;HowTo","143","Form 5472 is identical in Wyoming, New Mexico and Delaware. Only state paperwork and cost differ. See each state's figure, due date and source."
"https://www.form5472prep.com/clemta-form-5472","true","200","","","0","true","Clemta Form 5472 — Confirm Your Plan Coverage","45","Clemta lists Federal Tax Filing, but public pages do not clearly itemize Form 5472. Learn what to confirm and how to file if needed.","132","https://www.form5472prep.com/clemta-form-5472","true","index, follow","","1","Clemta customer? Get written clarity on Form 5472.","1406","Article;FAQPage;BreadcrumbList","132","For foreign-owned US single-member LLCs"
"https://www.form5472prep.com/contact","true","200","","1","512","false","Contact Form5472 Prep — Form 5472 Filing Questions","50","Contact Form5472 Prep about Form 5472 filing, past tax years, EIN or ITIN questions, IRS notices, billing, or an active filing.","127","https://www.form5472prep.com/contact","true","index, follow","","1","Talk to us about your Form 5472 filing.","473","ContactPage;FAQPage;BreadcrumbList","127","Whether you're filing for the first time, catching up on past years, or you've received an IRS notice — tell us the details and we'll"
"https://www.form5472prep.com/cookies","false","200","","1","512","false","Cookies · Form5472 Prep","23","How Form5472 Prep uses strictly necessary cookies, first-party measurement cookies, Google Ads, and the Meta pixel.","115","https://www.form5472prep.com/cookies","true","index, follow","","1","Cookies","348","","203","This page explains the cookies and similar browser storage Form5472 Prep sets today. We use cookies to keep the Service working, understand how people find"
"https://www.form5472prep.com/data-retention","true","200","","1","512","false","Data Retention Policy · Form5472 Prep","37","Retention periods for filing records, signatures, IRS faxes, uploaded documents, support attachments, and payment records.","122","https://www.form5472prep.com/data-retention","true","index, follow","","1","Data Retention Policy","605","","203","We retain the minimum amount of data needed to (a) prove that your IRS filing was transmitted, (b) reproduce next year's filing without you re-entering"
"https://www.form5472prep.com/delaware-llc-form-5472","true","200","","5","9","false","Delaware LLC Form 5472 — Foreign Owner Filing Guide","51","Delaware LLC Form 5472 rules require eligible foreign-owned single-member LLCs to file with pro forma Form 1120. Learn the federal and state obligations.","153","https://www.form5472prep.com/delaware-llc-form-5472","true","index, follow","","1","Delaware LLC Form 5472 Filing Guide","2836","Article;FAQPage;BreadcrumbList;HowTo","153","Form 5472 + 1120 filing service"
"https://www.form5472prep.com/diirsp","true","200","","1","13","false","DIIRSP Filing — Late International Return Procedure","51","DIIRSP helps foreign-owned US LLCs submit late Form 5472 returns with a reasonable cause statement and request penalty relief. Learn the process.","145","https://www.form5472prep.com/diirsp","true","index, follow","","1","DIIRSP: Filing Late Form 5472 with Penalty Abatement","2705","Article;FAQPage;BreadcrumbList;HowTo","145","For foreign-owned US single-member LLCs"
"https://www.form5472prep.com/do-i-need-to-file-form-5472","true","200","","1","512","false","Do I Need to File Form 5472? 2-Minute Checker | Form5472 Prep","61","Use this free checker to see whether your foreign-owned US LLC likely needs Form 5472 and pro forma 1120 for the tax year.","122","https://www.form5472prep.com/do-i-need-to-file-form-5472","true","index, follow","","1","Do I need to file Form 5472?","1002","WebApplication;FAQPage;BreadcrumbList;WebPage","122","A foreign-owned US single-member LLC with any reportable transaction during the year must file Form 5472 with a pro forma Form 1120, due April 15"
"https://www.form5472prep.com/doola-form-5472","true","200","","","0","true","doola Form 5472 — Bundle vs Flat-Fee Filing","43","Formed an LLC with doola? Compare its bundled Form 5472 coverage with a flat-fee filing-only option for foreign-owned US LLCs.","126","https://www.form5472prep.com/doola-form-5472","true","index, follow","","1","Formed your LLC with doola? Check what is actually included.","1408","Article;FAQPage;BreadcrumbList","126","Form 5472 + 1120 filing service"
"https://www.form5472prep.com/editorial-policy","true","200","","1","512","false","Editorial Policy · Form5472 Prep","32","How Form5472 Prep researches, sources, reviews, and corrects its Form 5472 guides — primary IRS sources, a fixed review cadence, and a clear correction process.","160","https://www.form5472prep.com/editorial-policy","true","index, follow","","1","Editorial Policy","345","","116","Form5472 Prep publishes guides to help foreign-owned US LLC owners understand and meet their IRS Form 5472 obligations. This policy explains how that content is"
"https://www.form5472prep.com/ein","true","200","","1","512","false","EIN for Foreign-Owned US LLC — No SSN Needed | Form5472 Prep","60","EIN for foreign-owned US LLCs: $149 flat fee, no SSN or ITIN required. We prepare Form SS-4 and get your EIN directly from the IRS.","131","https://www.form5472prep.com/ein","true","index, follow","","1","Get a US EIN for your foreign-owned LLC.","1934","Service;FAQPage;BreadcrumbList;HowTo;WebPage","131","No SSN or ITIN required — we file Form SS-4 for you"
"https://www.form5472prep.com/ein/apply","false","200","","2","16","false","EIN Application — Form5472 Prep · Form5472 Prep","47","Start your EIN application for a foreign-owned US LLC. We prepare Form SS-4 and obtain your EIN directly from the IRS — no SSN required.","136","https://www.form5472prep.com/ein/apply","true","noindex, follow","","1","EIN Application","502","FAQPage","136","Submit the form, pay in Stripe Checkout, and we follow up within 1 business day with a document checklist. Once we have your documents, the"
"https://www.form5472prep.com/faq","true","200","","1","512","false","Form 5472 FAQ: Filing, Deadlines, EIN & ITIN · Form5472 Prep","60","Canonical short answers for Form 5472 filing, deadlines, penalties, EIN, ITIN, proof, records, and how Form5472 Prep works.","123","https://www.form5472prep.com/faq","true","index, follow","","1","Form 5472 questions, answered.","3025","FAQPage;BreadcrumbList;WebPage","123","Short, source-bound answers to the Form 5472, pro forma Form 1120, deadline, penalty, EIN, ITIN, filing proof, and records questions customers ask before and after"
"https://www.form5472prep.com/file-form-5472","true","200","","1","19","false","How to File IRS Form 5472 (2026 Step-by-Step Guide)","51","Step-by-step guide to filing IRS Form 5472 with pro forma Form 1120 for foreign-owned US LLCs. Avoid the $25,000 penalty. File online in 15 minutes.","148","https://www.form5472prep.com/file-form-5472","true","index, follow","","1","How to File IRS Form 5472","2821","Article;FAQPage;BreadcrumbList;HowTo","148","For foreign-owned US single-member LLCs"
"https://www.form5472prep.com/firstbase-form-5472","true","200","","","0","true","Firstbase Form 5472 — What the Bundle Covers","44","Firstbase One includes one Form 5472 in a larger bundle. See what that means and when a flat filing-only service may fit better.","128","https://www.form5472prep.com/firstbase-form-5472","true","index, follow","","1","Using Firstbase for your US company? Put Form 5472 in context.","1354","Article;FAQPage;BreadcrumbList","128","Form 5472 + 1120 filing service"
"https://www.form5472prep.com/foreign-owned-llc-compliance-calendar","true","200","","1","512","false","Foreign-Owned LLC Compliance Calendar — Federal and State Deadlines","67","Free deadline calendar for foreign-owned single-member LLCs: Form 5472, Form 7004 and your state's annual tax or report, with an .ics download.","143","https://www.form5472prep.com/foreign-owned-llc-compliance-calendar","true","index, follow","","1","Foreign-owned LLC compliance calendar.","1522","WebApplication;FAQPage;BreadcrumbList;WebPage","143","A foreign-owned single-member LLC has one federal filing of its own each year: Form 5472 attached to a pro forma Form 1120, due the 15th"
"https://www.form5472prep.com/foreign-owned-llc-tax","true","200","","4","6","false","Foreign-Owned US LLC Tax Filing Requirements (2026 Guide)","57","Separate Form 5472 and pro forma Form 1120 from personal tax, state filings, FBAR, ITIN and sales tax duties for a foreign-owned U.S. LLC.","138","https://www.form5472prep.com/foreign-owned-llc-tax","true","index, follow","","1","Foreign-Owned US LLC Tax Filing Requirements","2429","Article;FAQPage;BreadcrumbList","138","For foreign-owned US single-member LLCs"
"https://www.form5472prep.com/form-1120-disregarded-entity","true","200","","2","3","false","Form 1120 for a Disregarded Entity — Foreign Owner Filing","57","Form 1120 for a foreign-owned disregarded entity is a pro forma attachment to Form 5472. Learn why it is required and how to complete and submit it.","148","https://www.form5472prep.com/form-1120-disregarded-entity","true","index, follow","","1","Form 1120 for a Disregarded Entity (Foreign Owner)","2610","Article;FAQPage;BreadcrumbList","148","Form 5472 + 1120 filing service"
"https://www.form5472prep.com/form-1120-foreign-owned-llc","true","200","","3","3","false","Form 1120 for Foreign-Owned LLC — Pro Forma Filing Guide","56","Form 1120 for a foreign-owned LLC is filed pro forma with Form 5472. Learn what to complete, what to leave blank, and how to assemble and submit the package.","157","https://www.form5472prep.com/form-1120-foreign-owned-llc","true","index, follow","","1","Form 1120 for Foreign-Owned LLCs","2522","Article;FAQPage;BreadcrumbList","157","For foreign-owned US single-member LLCs"
"https://www.form5472prep.com/form-5472-deadline","true","200","","2","4","false","Form 5472 Deadline: When Is It Due in 2026?","43","Form 5472 deadline rules cover the April 15 due date, the Form 7004 extension to October 15, late-filing penalties, and DIIRSP catch-up procedures.","147","https://www.form5472prep.com/form-5472-deadline","true","index, follow","","1","Form 5472 deadline — when it's due, and what to do if you've missed it","2793","Article;FAQPage;BreadcrumbList;HowTo","147","Form 5472 + 1120 filing service"
"https://www.form5472prep.com/form-5472-deadline-calculator","true","200","","1","512","false","Form 5472 Deadline Calculator — When Is Your Filing Due?","56","Free Form 5472 deadline calculator for foreign-owned LLCs. Check April 15, dissolution short-year, weekend roll, and Form 7004 dates.","133","https://www.form5472prep.com/form-5472-deadline-calculator","true","index, follow","","1","Form 5472 deadline calculator.","1067","WebApplication;FAQPage;BreadcrumbList;WebPage","133","Form 5472 plus the pro forma Form 1120 for a calendar-year foreign-owned single-member LLC is due April 15 of the following year, and this calculator"
"https://www.form5472prep.com/form-5472-fax-number","true","200","","","0","true","Form 5472 Fax Number — IRS Ogden PIN Unit","41","Form 5472 fax number guidance explains what to send to the IRS Ogden PIN Unit, how to transmit the full filing package, and which transmission evidence to retain.","162","https://www.form5472prep.com/form-5472-fax-number","true","index, follow","","1","The IRS Form 5472 fax number (and how to actually send it)","2754","Article;FAQPage;BreadcrumbList;HowTo","162","For foreign-owned US single-member LLCs"
"https://www.form5472prep.com/form-5472-germany","true","200","","4","2","false","Form 5472 for German Owners of US LLCs — Complete Guide","55","Form 5472 for German owners of US LLCs covers the annual filing package, the FTIN field, common ownership scenarios, deadlines, and late-filing options.","152","https://www.form5472prep.com/form-5472-germany","true","index, follow","","1","Form 5472 for German-Resident Owners of US LLCs","2293","Article;FAQPage;BreadcrumbList;HowTo","152","Form 5472 + 1120 filing service"
"https://www.form5472prep.com/form-5472-instructions","true","200","","2","8","false","Form 5472 Instructions (2026) — Plain-English Walkthrough","57","Form 5472 instructions for foreign-owned US LLCs explain each part, common mistakes, and how to submit the complete package to the IRS Ogden PIN Unit.","150","https://www.form5472prep.com/form-5472-instructions","true","index, follow","","1","Form 5472 Instructions: Plain-English Walkthrough","2777","Article;FAQPage;BreadcrumbList","150","For foreign-owned US single-member LLCs"
"https://www.form5472prep.com/form-5472-late-filing-checker","true","200","","1","512","false","Missed Form 5472? Late-Filing Route Checker | Form5472 Prep","59","Answer five questions to see which IRS late-filing route fits your foreign-owned LLC: DIIRSP with a reasonable-cause statement, a penalty-notice response, or a review first.","173","https://www.form5472prep.com/form-5472-late-filing-checker","true","index, follow","","1","Missed Form 5472? Find your late-filing route.","1541","WebApplication;FAQPage;BreadcrumbList;WebPage","173","There is no guaranteed penalty-free way to file Form 5472 late. If you are not under IRS examination or investigation and the IRS has not"
"https://www.form5472prep.com/form-5472-penalty","true","200","","1","13","false","Form 5472 $25,000 Penalty — How to Avoid or Reduce It","53","The IRS automatically charges $25,000 per missed or late Form 5472. Learn how to avoid it, request abatement under DIIRSP, and file safely online from $149.","156","https://www.form5472prep.com/form-5472-penalty","true","index, follow","","1","The Form 5472 $25,000 Penalty Explained","2604","Article;FAQPage;BreadcrumbList","156","Form 5472 + 1120 filing service"
"https://www.form5472prep.com/form-5472-penalty-calculator","true","200","","1","512","false","Form 5472 Penalty Calculator — What Late Filing Costs","53","Estimate Form 5472 late-filing exposure, see IRS penalty citations, and review the DIIRSP reasonable-cause path for catching up.","128","https://www.form5472prep.com/form-5472-penalty-calculator","true","index, follow","","1","Form 5472 penalty calculator.","1477","WebApplication;FAQPage;BreadcrumbList;WebPage","128","The IRS can assess $25,000 per Form 5472, per year, often automatically when a late return is processed, and another $25,000 per 30 days once"
"https://www.form5472prep.com/form-5472-reasonable-cause-statement","true","200","","2","3","false","Form 5472 Reasonable Cause Statement (DIIRSP Template Guide)","60","Form 5472 reasonable cause statements support late filings under DIIRSP. Learn the required elements, what weakens a request, and what happens after submission.","160","https://www.form5472prep.com/form-5472-reasonable-cause-statement","true","index, follow","","1","Reasonable cause statement for Form 5472 — what to include","3010","Article;FAQPage;BreadcrumbList","160","For foreign-owned US single-member LLCs"
"https://www.form5472prep.com/form-5472-reportable-transactions-checker","true","200","","1","512","false","Form 5472 Reportable Transactions Checker | Form5472 Prep","57","Free checker for foreign-owned US LLCs: are owner transfers, loans, or LLC fees you paid personally reportable on Form 5472? Answers cite IRS sources.","150","https://www.form5472prep.com/form-5472-reportable-transactions-checker","true","index, follow","","1","Is this a reportable transaction on Form 5472?","3625","WebApplication;FAQPage;BreadcrumbList;WebPage","150","For a foreign-owned single-member US LLC, any money or property that moves between you and the LLC is a reportable transaction — including state fees,"
"https://www.form5472prep.com/form-5472-uae","true","200","","4","2","false","Form 5472 for UAE Owners of US LLCs — Filing Guide","50","Form 5472 for UAE owners of US LLCs covers the annual filing package, identification fields, common scenarios, deadlines, and multi-year catch-up filings.","154","https://www.form5472prep.com/form-5472-uae","true","index, follow","","1","Form 5472 for UAE Residents Who Own a US LLC","2181","Article;FAQPage;BreadcrumbList;HowTo","154","Form 5472 + 1120 filing service"
"https://www.form5472prep.com/form-5472-vs-1120","true","200","","2","5","false","Form 5472 vs Form 1120 — What's the Difference?","47","Form 5472 reports related-party transactions, while Form 1120 is a corporate return. Foreign-owned disregarded LLCs submit both in one filing package.","150","https://www.form5472prep.com/form-5472-vs-1120","true","index, follow","","1","Form 5472 vs Form 1120 — What's the Difference?","2537","Article;FAQPage;BreadcrumbList","150","For foreign-owned US single-member LLCs"
"https://www.form5472prep.com/irs-form-5472","true","200","","3","2","false","IRS Form 5472: What It Is, Who Files, and How (2026)","52","IRS Form 5472 rules for foreign-owned US LLCs cover who must file, reportable transactions, the deadline, the $25,000 penalty, and submission methods.","150","https://www.form5472prep.com/irs-form-5472","true","index, follow","","1","IRS Form 5472 — the complete guide for foreign-owned LLCs","2826","Article;FAQPage;BreadcrumbList;HowTo","150","Form 5472 + 1120 filing service"
"https://www.form5472prep.com/irs-yearly-average-exchange-rates","true","200","","1","512","false","IRS Yearly Average Exchange Rates (2021–2025) + Converter","57","The IRS yearly average currency exchange rate table for 2021–2025, plus a free converter to translate foreign-currency amounts to or from U.S. dollars.","151","https://www.form5472prep.com/irs-yearly-average-exchange-rates","true","index, follow","","1","IRS yearly average exchange rates.","1157","WebApplication;FAQPage;BreadcrumbList;WebPage;Dataset","151","The IRS publishes yearly average exchange rates you can use to convert foreign-currency amounts to U.S. dollars — this page has the full 2021 –"
"https://www.form5472prep.com/itin","true","200","","1","512","false","ITIN Application Support for Non-Residents | Form5472 Prep","58","ITIN application support for non-residents. Eligible applications are forwarded to an IRS-authorized Certifying Acceptance Agent for document review.","149","https://www.form5472prep.com/itin","true","index, follow","","1","Check whether you may need an ITIN for a federal tax purpose.","1470","Service;FAQPage;BreadcrumbList;HowTo;WebPage","149","An ITIN is an individual federal tax number, not a general business or banking ID. If you cannot obtain an SSN and have a qualifying"
"https://www.form5472prep.com/itin/apply","false","200","","2","16","false","ITIN Application — Form5472 Prep · Form5472 Prep","48","Start your ITIN application. Your identity documents are certified by an IRS Certifying Acceptance Agent and we submit Form W-7 — no passport mailing required.","159","https://www.form5472prep.com/itin/apply","true","noindex, follow","","1","ITIN Application","651","","159","Fill in what you know — after you submit, we'll take payment and follow up within 1 business day with a document checklist and CAA"
"https://www.form5472prep.com/late-form-5472","true","200","","2","4","false","Late Form 5472 — How to File Late and Avoid the Penalty","55","Late Form 5472 filers can use DIIRSP with a reasonable cause statement to catch up and request relief from the $25,000 penalty. Learn each step.","144","https://www.form5472prep.com/late-form-5472","true","index, follow","","1","Filed Form 5472 Late? Here's What to Do Now","2774","Article;FAQPage;BreadcrumbList;HowTo","144","For foreign-owned US single-member LLCs"
"https://www.form5472prep.com/llc-annual-fees-by-state","true","200","","1","512","false","LLC Annual Fees by State (2026): Delaware, Wyoming, New Mexico and More","71","Annual LLC fees, franchise taxes and report due dates for 10 states foreign owners use — Delaware, Wyoming, New Mexico, Florida, Texas, Nevada and more — from official sources.","176","https://www.form5472prep.com/llc-annual-fees-by-state","true","index, follow","","1","LLC annual fees by state.","2728","Dataset;WebApplication;FAQPage;BreadcrumbList;WebPage","176","Free reference · last reviewed 29 September 2026"
"https://www.form5472prep.com/northwest-registered-agent-form-5472","true","200","","","0","true","Northwest Registered Agent Form 5472 — Tax Filing Gap","53","Northwest Registered Agent explains Form 5472 and tells readers to check with a CPA. See how foreign-owned LLCs can file the IRS package.","137","https://www.form5472prep.com/northwest-registered-agent-form-5472","true","index, follow","","1","Northwest Registered Agent handled formation. The 5472 is federal tax.","1374","Article;FAQPage;BreadcrumbList","137","Form 5472 + 1120 filing service"
"https://www.form5472prep.com/partner/sign-in","false","200","","1","513","false","Partner sign in · Form5472 Prep","31","Done-for-you IRS Form 5472 and pro forma Form 1120 filing for foreign-owned US single-member LLCs. We prepare, you sign, we fax to the IRS Ogden PIN Unit. From $149 in 5-7 business days, or $199 for express within 3 — IRS fax delivery included on both. 100% money-back guarantee.","279","https://www.form5472prep.com","false","noindex, nofollow","","1","Partner sign in","49","","203","Manage Form 5472 filings for all your clients in one place. Enter your partner email and we'll send you a secure sign-in link."
"https://www.form5472prep.com/partners","true","200","","1","512","false","Partner Program for Form 5472 Filings | Form5472 Prep","53","Partner program: formation agencies, CPA firms and registered agents batch filings in one partner account; client signs by secure link; we review, fax to IRS.","158","https://www.form5472prep.com/partners","true","index, follow","","1","All your clients' Form 5472 filings, one partner account.","997","Service;FAQPage;BreadcrumbList;HowTo;WebPage","158","For agencies, CPA firms & registered agents"
"https://www.form5472prep.com/pricing","true","200","","1","512","false","Pricing for Form 5472 Filing · Form5472 Prep","44","Pricing for Form 5472 + pro forma 1120 filing: Standard $149 in 5-7 business days, Express $199 within 3 business days. We fax to the IRS Ogden PIN Unit.","153","https://www.form5472prep.com/pricing","true","index, follow","","1","Form 5472 filing pricing: $149 and $199 , nothing hidden.","938","Product;FAQPage;BreadcrumbList","153","Done-for-you Form 5472 + pro forma 1120 for foreign-owned US LLCs. Same filing either way — pick the turnaround you need: 5-7 business days or"
"https://www.form5472prep.com/privacy","true","200","","1","513","false","Privacy Policy · Form5472 Prep","30","How Form5472 Prep collects, uses, stores, and shares account, identity, signature, document, fax, and support data for IRS filing services.","139","https://www.form5472prep.com/privacy","true","index, follow","","1","Privacy Policy","1248","","203","Form5472 Prep is the data controller for personal information you submit through the Service. We are based in the United States and process data on"
"https://www.form5472prep.com/pro-forma-1120","true","200","","1","6","false","Pro Forma Form 1120 — What It Is and How to Fill It Out","55","Pro forma Form 1120 accompanies Form 5472 for foreign-owned US disregarded LLCs. Learn which identifying fields to complete, what stays blank, and how to file.","159","https://www.form5472prep.com/pro-forma-1120","true","index, follow","","1","Pro Forma Form 1120 — Plain-English Guide","2576","Article;FAQPage;BreadcrumbList","159","Form 5472 + 1120 filing service"
"https://www.form5472prep.com/security","true","200","","1","512","false","Information Security Policy · Form5472 Prep","43","How Form5472 Prep protects customer information, including bank transaction data accessed via Plaid, government identifiers, signatures, and tax filing records.","160","https://www.form5472prep.com/security","true","index, follow","","1","Information Security Policy","480","","203","This policy governs how Form5472 Prep (“the Company”) protects customer information, including bank transaction data accessed via Plaid, used in the preparation of IRS Form"
"https://www.form5472prep.com/sign-in","false","200","","1","512","false","Sign in · Form5472 Prep","23","Sign in to Form5472 Prep to view your filing status, download generated PDFs, and check fax delivery.","101","https://www.form5472prep.com/sign-in","true","noindex, nofollow","","1","Check your filing status","58","","203","Enter the email you used when starting your filing. We'll send you a one-click link to view status, download PDFs, and track the IRS fax."
"https://www.form5472prep.com/single-member-llc-foreign-owner","true","200","","3","5","false","Single-Member LLC With a Foreign Owner — Filing Guide","53","Single-member LLC foreign-owner filing rules cover Form 5472, pro forma Form 1120, federal deadlines, the $25,000 penalty, state duties, and late filings.","154","https://www.form5472prep.com/single-member-llc-foreign-owner","true","index, follow","","1","Single-member LLC with a foreign owner — what you actually have to file","2969","Article;FAQPage;BreadcrumbList","154","For foreign-owned US single-member LLCs"
"https://www.form5472prep.com/start","false","200","","1","512","false","Start your filing · Form5472 Prep","33","Start your IRS Form 5472 and pro forma Form 1120 filing. Enter your email to begin — we'll save your progress and send a reminder if you don't finish.","150","https://www.form5472prep.com/start","true","noindex, nofollow","","1","Start your filing","88","","203","We save your progress as you go and email you a link, so you can pick up where you left off on any device."
"https://www.form5472prep.com/startglobal-form-5472","true","200","","","0","true","StartGlobal Form 5472 — Check the Filing Scope","46","StartGlobal offers Federal Tax Filing, but public pages do not name Form 5472. See what to verify and how filing-only help works.","129","https://www.form5472prep.com/startglobal-form-5472","true","index, follow","","1","StartGlobal formed the LLC. Now confirm the 5472 filing.","1374","Article;FAQPage;BreadcrumbList","129","Form 5472 + 1120 filing service"
"https://www.form5472prep.com/stripe-atlas-form-5472","true","200","","6","1","false","Stripe Atlas LLC + Form 5472 — What You Must File","49","Stripe Atlas Form 5472 rules require eligible foreign-owned single-member LLCs to file annually. Learn what Atlas covers and how to submit the IRS package.","155","https://www.form5472prep.com/stripe-atlas-form-5472","true","index, follow","","1","Stripe Atlas LLC owners — Form 5472 is on you, not Stripe","3146","Article;FAQPage;BreadcrumbList","155","For foreign-owned US single-member LLCs"
"https://www.form5472prep.com/terms","true","200","","1","512","false","Terms of Service · Form5472 Prep","32","Form5472 Prep Terms of Service for electronic signatures, refunds, accountant review, filing transmission, and customer responsibilities.","137","https://www.form5472prep.com/terms","true","index, follow","","1","Terms of Service","1091","","203","Form5472 Prep (the ""Service"") is a self-service tool for preparing IRS Form 5472 and pro forma Form 1120, and for transmitting the signed package to"
"https://www.form5472prep.com/wyoming-llc-form-5472","true","200","","5","8","false","Wyoming LLC Form 5472 — Foreign Owner Filing Guide","50","Wyoming LLC Form 5472 rules require eligible foreign-owned single-member LLCs to submit the form with pro forma Form 1120. Learn federal and state duties.","154","https://www.form5472prep.com/wyoming-llc-form-5472","true","index, follow","","1","Wyoming LLC Form 5472 Filing Guide","2711","Article;FAQPage;BreadcrumbList;HowTo","154","Form 5472 + 1120 filing service"
"https://www.form5472prep.com/zenind-form-5472","true","200","","","0","true","Zenind Form 5472 — From Guide to Actual Filing","46","Zenind publishes a Form 5472 guide but does not offer the filing in its public tiers. Learn the next step for foreign-owned LLCs.","129","https://www.form5472prep.com/zenind-form-5472","true","index, follow","","1","Zenind explains Form 5472. Filing it is the next step.","1439","Article;FAQPage;BreadcrumbList","129","For foreign-owned US single-member LLCs"
